PDB_ID,Primary_Sequence,DSSP_Q8,DSSP_Q3,Length
13PK,EKKSINECDLKGKKVLIRVDFNVPVKNGKITNDYRIRSALPTLKKVLTEGGSCVLMSHLGRPKGIPMAQAGKIRSTGGVPGFQQKATLKPVAKRLSELLLRPVTFAPDCLNAADVVSKMSPGDVVLLENVRFYKEEGSKKAKDREAMAKILASYGDVYISDAFGTAHRDSATMTGIPKILGNGAAGYLMEKEISYFAKVLGNPPRPLVAIVGGAKVSDKIQLLDNMLQRIDYLLIGGAMAYTFLKAQGYSIGKSKCEESKLEFARSLLKKAEDRKVQVILPIDHVCHTEFKAVDSPLITEDQNIPEGHMALDIGPKTIEKYVQTIGKCKSAIWNGPMGVFEMVPYSKGTFAIAKAMGRGTHEHGLMSIIGGGDSASAAELSGEAKRMSHVSTGGGASLELLEGKTLPGVTVLDDKEKKSINECDLKGKKVLIRVDFNVPVKNGKITNDYRIRSALPTLKKVLTEGGSCVLMSHLGRPKGIPMAQAGKIRSTGGVPGFQQKATLKPVAKRLSELLLRPVTFAPDCLNAADVVSKMSPGDVVLLENVRFYKEEGSKKAKDREAMAKILASYGDVYISDAFGTAHRDSATMTGIPKILGNGAAGYLMEKEISYFAKVLGNPPRPLVAIVGGAKVSDKIQLLDNMLQRIDYLLIGGAMAYTFLKAQGYSIGKSKCEESKLEFARSLLKKAEDRKVQVILPIDHVCHTEFKAVDSPLITEDQNIPEGHMALDIGPKTIEKYVQTIGKCKSAIWNGPMGVFEMVPYSKGTFAIAKAMGRGTHEHGLMSIIGGGDSASAAELSGEAKRMSHVSTGGGASLELLEGKTLPGVTVLDDKEKKSINECDLKGKKVLIRVDFNVPVKNGKITNDYRIRSALPTLKKVLTEGGSCVLMSHLGRPKGIPMAQAGKIRSTGGVPGFQQKATLKPVAKRLSELLLRPVTFAPDCLNAADVVSKMSPGDVVLLENVRFYKEEGSKKAKDREAMAKILASYGDVYISDAFGTAHRDSATMTGIPKILGNGAAGYLMEKEISYFAKVLGNPPRPLVAIVGGAKVSDKIQLLDNMLQRIDYLLIGGAMAYTFLKAQGYSIGKSKCEESKLEFARSLLKKAEDRKVQVILPIDHVCHTEFKAVDSPLITEDQNIPEGHMALDIGPKTIEKYVQTIGKCKSAIWNGPMGVFEMVPYSKGTFAIAKAMGRGTHEHGLMSIIGGGDSASAAELSGEAKRMSHVSTGGGASLELLEGKTLPGVTVLDDKEKKSINECDLKGKKVLIRVDFNVPVKNGKITNDYRIRSALPTLKKVLTEGGSCVLMSHLGRPKGIPMAQAGKIRSTGGVPGFQQKATLKPVAKRLSELLLRPVTFAPDCLNAADVVSKMSPGDVVLLENVRFYKEEGSKKAKDREAMAKILASYGDVYISDAFGTAHRDSATMTGIPKILGNGAAGYLMEKEISYFAKVLGNPPRPLVAIVGGAKVSDKIQLLDNMLQRIDYLLIGGAMAYTFLKAQGYSIGKSKCEESKLEFARSLLKKAEDRKVQVILPIDHVCHTEFKAVDSPLITEDQNIPEGHMALDIGPKTIEKYVQTIGKCKSAIWNGPMGVFEMVPYSKGTFAIAKAMGRGTHEHGLMSIIGGGDSASAAELSGEAKRMSHVSTGGGASLELLEGKTLPGVTVLDDK,---BGGGS--TT-EEEEE------EETTEES--HHHHHHHHHHHHHHHTT-EEEEE---S----B-HHHHHHHHHHT--TT--GGG-SHHHHHHHHHHHTS--EEES-TTS-HHHHHT--TT-EEEE--GGGBGGGG-S-HHHHHHHHHHHHTT-SEEEE--TTSTT---IIIIIHHHHHT--EE-HHHHHHHHHHHHHHHSPPSSEEEEE-SS-HHHHHHHHGGGTTT-SEEEE-TTHHHHHHHHTT---TT----GGGHHHHHHHHHHHHHTT-EEE--SSEEEESSSS--SS-EE-SSS---TT-EEEEE-HHHHHHHHHHHHT-SEEEEES-SS-TTSGGG-HHHHHHHHHHHHHHHHH--EEEEESHHHHHHHHHHTGGGGSSEEES-SHHHHHGGG----HHHHTS------BGGGS--TT-EEEEE------EETTEES--HHHHHHHHHHHHHHHTT-EEEEE---S----B-HHHHHHHHHHT--TT--GGG-SHHHHHHHHHHHTS--EEES-TTS-HHHHHT--TT-EEEE--GGGBGGGG-S-HHHHHHHHHHHHTT-SEEEE--TTSTT---IIIIIHHHHHT--EE-HHHHHHHHHHHHHHHS--SSEEEEE-SS-HHHHHHHHGGGTTT-SEEEE-TTHHHHHHHHHT---TT----GGGHHHHHHHHHHHHHTT-EEE--SSEEEESSSS--SS-EE-SSS---TT-EEEEE-HHHHHHHHHHHHT-SEEEEES-SS-TTSGGG-HHHHHHHHHHHHHHHHH--EEEEESHHHHHHHHHHT-TTTSSEE-S-SHHHHHHHTTPPPHHHHTS------BGGGS--TT-EEEEE------EETTEES--HHHHHHHHHHHHHHHTT-EEEEE---S----B-HHHHHHHHHHT--TT--GGG-SHHHHHHHHHHHTS--EEES-TTS-HHHHHT--TT-EEEE--GGGBGGGG-S-HHHHHHHHHHHHTT-SEEEE--TTTTTS--IIIIIHHHHHT--EE-HHHHHHHHHHHHHSSS--SSEEEEE-SS-HHHHHHHHGGGTTT-SEEEE-TTHHHHHHHHTT--BTT----GGGHHHHHHHHHHHHHTT-EEE--SSEEEESSSS--SS-EE-SSS-B-TT-EEEEE-HHHHHHHHHHHHT-SEEEEES-SS-TTSGGG-HHHHHHHHHHHHHHHHH--EEEEESHHHHHHHHHTT-GGGSSEE-S-STTTTGGGG----HHHHTS------BGGGS--TT-EEEEE------EETTEES--HHHHHHHHHHHHHHHTT-EEEEE---S----B-HHHHHHHHHHT--TT--GGG-SHHHHHHHHHHHTS--EEES-TTS-HHHHHT--TT-EEEE--GGGBGGGG-S-HHHHHHHHHHHHTT-SEEEE--TTTTTS--IIIIIHHHHHT--EE-HHHHHHHHHHHHHTTSPPSSEEEEE-SS-HHHHHHHHGGGTTT-SEEEE-TTHHHHHHHHTT--BTT----GGGHHHHHHHHHHHHHTT-EEE--SSEEEESSSS--SS-EE-SSS-B-TT-EEEEE-HHHHHHHHHHHHT-SEEEEES-SS-TTSGGG-HHHHHHHHHHHHHHHHH--EEEEE-HHHHHHHHHTT-GGGSSEE-S-SHHHHHHTT----HHHHTS---,CCCEHHHCCCCCCEEEEECCCCCCEECCEECCCHHHHHHHHHHHHHHHCCCEEEEECCCCCCCCECHHHHHHHHHHCCCCCCCHHHCCHHHHHHHHHHHCCCCEEECCCCCCHHHHHCCCCCCEEEECCHHHEHHHHCCCHHHHHHHHHHHHCCCCEEEECCCCCCCCCCHHHHHHHHHHCCCEECHHHHHHHHHHHHHHHCCCCCEEEEECCCCHHHHHHHHHHHCCCCCEEEECCCHHHHHHHHCCCCCCCCCCCHHHHHHHHHHHHHHHHCCCEEECCCCEEEECCCCCCCCCEECCCCCCCCCCEEEEECHHHHHHHHHHHHCCCEEEEECCCCCCCCHHHCHHHHHHHHHHHHHHHHHCCEEEEECHHHHHHHHHHCHHHHCCEEECCCHHHHHHHHCCCCHHHHCCCCCCCCEHHHCCCCCCEEEEECCCCCCEECCEECCCHHHHHHHHHHHHHHHCCCEEEEECCCCCCCCECHHHHHHHHHHCCCCCCCHHHCCHHHHHHHHHHHCCCCEEECCCCCCHHHHHCCCCCCEEEECCHHHEHHHHCCCHHHHHHHHHHHHCCCCEEEECCCCCCCCCCHHHHHHHHHHCCCEECHHHHHHHHHHHHHHHCCCCCEEEEECCCCHHHHHHHHHHHCCCCCEEEECCCHHHHHHHHHCCCCCCCCCCHHHHHHHHHHHHHHHHCCCEEECCCCEEEECCCCCCCCCEECCCCCCCCCCEEEEECHHHHHHHHHHHHCCCEEEEECCCCCCCCHHHCHHHHHHHHHHHHHHHHHCCEEEEECHHHHHHHHHHCCCCCCCEECCCCHHHHHHHCCCCCHHHHCCCCCCCCEHHHCCCCCCEEEEECCCCCCEECCEECCCHHHHHHHHHHHHHHHCCCEEEEECCCCCCCCECHHHHHHHHHHCCCCCCCHHHCCHHHHHHHHHHHCCCCEEECCCCCCHHHHHCCCCCCEEEECCHHHEHHHHCCCHHHHHHHHHHHHCCCCEEEECCCCCCCCCCHHHHHHHHHHCCCEECHHHHHHHHHHHHHCCCCCCCEEEEECCCCHHHHHHHHHHHCCCCCEEEECCCHHHHHHHHCCCCECCCCCCHHHHHHHHHHHHHHHHCCCEEECCCCEEEECCCCCCCCCEECCCCCECCCCEEEEECHHHHHHHHHHHHCCCEEEEECCCCCCCCHHHCHHHHHHHHHHHHHHHHHCCEEEEECHHHHHHHHHCCCHHHCCEECCCCCCCCHHHHCCCCHHHHCCCCCCCCEHHHCCCCCCEEEEECCCCCCEECCEECCCHHHHHHHHHHHHHHHCCCEEEEECCCCCCCCECHHHHHHHHHHCCCCCCCHHHCCHHHHHHHHHHHCCCCEEECCCCCCHHHHHCCCCCCEEEECCHHHEHHHHCCCHHHHHHHHHHHHCCCCEEEECCCCCCCCCCHHHHHHHHHHCCCEECHHHHHHHHHHHHHCCCCCCCEEEEECCCCHHHHHHHHHHHCCCCCEEEECCCHHHHHHHHCCCCECCCCCCHHHHHHHHHHHHHHHHCCCEEECCCCEEEECCCCCCCCCEECCCCCECCCCEEEEECHHHHHHHHHHHHCCCEEEEECCCCCCCCHHHCHHHHHHHHHHHHHHHHHCCEEEEECHHHHHHHHHCCCHHHCCEECCCCHHHHHHCCCCCCHHHHCCCCC,1660
16PK,EKKSINECDLKGKKVLIRVDFNVPVKNGKITNDYRIRSALPTLKKVLTEGGSCVLMSHLGRPKGIPMAQAGKIRSTGGVPGFQQKATLKPVAKRLSELLLRPVTFAPDCLNAADVVSKMSPGDVVLLENVRFYKEEGSKKAKDREAMAKILASYGDVYISDAFGTAHRDSATMTGIPKILGNGAAGYLMEKEISYFAKVLGNPPRPLVAIVGGAKVSDKIQLLDNMLQRIDYLLIGGAMAYTFLKAQGYSIGKSKCEESKLEFARSLLKKAEDRKVQVILPIDHVCHTEFKAVDSPLITEDQNIPEGHMALDIGPKTIEKYVQTIGKCKSAIWNGPMGVFEMVPYSKGTFAIAKAMGRGTHEHGLMSIIGGGDSASAAELSGEAKRMSHVSTGGGASLELLEGKTLPGVTVLDDK,-B-BGGGS--TT-EEEEEE-----EETTEES--HHHHHHHHHHHHHHHTT-EEEEE---S----B-GGGHHHHHHTT--TT--GGG-SHHHHHHHHHHHTS--EEES-TTS-HHHHHT--TT-EEEE--GGGBGGGG-SSHHHHHHHHHHHHTT-SEEEEE-GGGTTS--IIIIIHHHHHT--EE-HHHHHHHHHHHHHHS---SSEEEEE-SS-SGGGHHHHHHHGGG-SEEEE-TTHHHHHHHHHT---TT----GGGHHHHHHHHHHHHHTT-EEE--SSEEEESSSS--SS-EE-SSS---TT-EEEEE-HHHHHHHHHHHTT-SEEEEES-SS-TTSGGG-HHHHHHHHHHHHHHHHH--EEEE-SHHHHHHHHHTT-TTTSSEE-S-HHHHHHHHTTPPPHHHHTSPB-,CECEHHHCCCCCCEEEEEECCCCCEECCEECCCHHHHHHHHHHHHHHHCCCEEEEECCCCCCCCECHHHHHHHHHCCCCCCCCHHHCCHHHHHHHHHHHCCCCEEECCCCCCHHHHHCCCCCCEEEECCHHHEHHHHCCCHHHHHHHHHHHHCCCCEEEEECHHHCCCCCHHHHHHHHHHCCCEECHHHHHHHHHHHHHHCCCCCCEEEEECCCCCHHHHHHHHHHHHHCCEEEECCCHHHHHHHHHCCCCCCCCCCHHHHHHHHHHHHHHHHCCCEEECCCCEEEECCCCCCCCCEECCCCCCCCCCEEEEECHHHHHHHHHHHCCCCEEEEECCCCCCCCHHHCHHHHHHHHHHHHHHHHHCCEEEECCHHHHHHHHHCCCCCCCCEECCCHHHHHHHHCCCCCHHHHCCCEC,415
1A06,WKQAEDIRDIYDFRDVLGTGAFSEVILAEDKRTQKLVAIKCIAKENEIAVLHKIKHPNIVALDDIYESGGHLYLIMQLVSGGELFDRIVEKGFYTERDASRLIFQVLDAVKYLHDLGIVHRDLKPENLLYYSLDEDSKIMISDFPGYVAPEVLAQKPYSKAVDCWSIGVIAYILLCGYPPFYDENDAKLFEQILKAEYEFDSPYWDDISDSAKDFIRHLMEKDPEKRFTCEQALQHPWIAGDTALDKNIHQSVSEQIKKNFAKSKWKQAFNATAVVRHM,-EE-S-GGGTEEEEEESBSGGGGGEEEEEETTT--EEEEEEEE--HHHHHHHT---TTB--EEEEEE-SSEEEEEEPP--S-BHHHHHHT-S---HHHHHHHHHHHHHHHHHHHHTT---S---GGGEEESSSSTTPPEEE----TTS-HHHHTT----THHHHHHHHHHHHHHHHSS-S---SSHHHHHHHHHTT-----TTTTTTS-HHHHHHHHHHS-SSGGGSPPHHHHHHSTTTTSS-------HHHHHHHHHHHS---TTTS-B-HHHHHHH-,CEECCCHHHCEEEEEECECHHHHHEEEEEECCCCCEEEEEEEECCHHHHHHHCCCCCCECCEEEEEECCCEEEEEECCCCCCEHHHHHHCCCCCCHHHHHHHHHHHHHHHHHHHHCCCCCCCCCHHHEEECCCCCCCCEEECCCCCCCCHHHHCCCCCCCHHHHHHHHHHHHHHHHCCCCCCCCCHHHHHHHHHCCCCCCCCCCCCCCCHHHHHHHHHHCCCCHHHCCCHHHHHHCCCCCCCCCCCCCCHHHHHHHHHHHCCCCCCCCCECHHHHHHHC,279
1ABQ,LFVALYDFVASGDNTLSITKGEKLRVLGYNHNGEWCEAQTKNGQGWVPSNYITPVN,-EEESS-B---SSSB--B-TT-EEEEEEE-SSS-EEEEEETTEEEEEEGGGEES--,CEEECCCECCCCCCECCECCCCEEEEEEECCCCCEEEEEECCEEEEEEHHHEECCC,56
1AQ2,NNGLTPQELEAYGISDVHDIVYNPSYDLLYQEELDPSLTGYERGVLTNLGAVAVDTGIFTGRSPKDKYIVRDDTTRDTFWWADKGKGKNDNKPLSPETWQHLKGLVTRQLSGKRLFVVDAFCGANPDTRLSVRFITEVAWQAHFVKNMFIRPSDEELAGFKPDFIVMNGAKCTNPQWKEQGLNSENFVAFNLTERMQLIGGTWYGGEMKKGMFSMMNYLLPLKGIASMHCSANVGEKGDVAVFFGLSGTGKTTLSTDPKRRLIGDDEHGWDDDGVFNFEGGCYAKTIKLSKEAEPEIYNAIRRDALLENVTVREDGTIDFDDGSKTENTRVSYPIYHIDNIVKPVSKAGHATKVIFLTADAFGVLPPVSRLTADQTQYHFLSGFTAKLAGTITEPTPTFSACFGAAFLSLHPTQYAEVLVKRMQAAGAQAYLVNTGWNGTGKRISIKDTRAIIDAILNGSLDNAETFTLPMFNLAIPTELPGVDTKILDPRNTYASPEQWQEKAETLAKLFIDNFDKYTDTPAGAALVAAGPKL,-TTT-HHHHGGGT------EEES--HHHHHHHHT-TT--GGG--EE-TTS-EEE---S--S--GGGEEEE-STTTTTTS--TTSSS---S-EEE-HHHHHHHHHHHHHHTTTS-EEEEEEEESSSTTT-EEEEEEES-HHHHHHHHHHSB---HHHHHT---SEEEEEETT---TTHHHHT-SSS-EEEEETTTTEEEEES---THHHHHHHHHHHHHHTGGGT-EEE-EEEEE-TT--EEEEE--TTSSHHHHH--TTSEEEESS-EEE-SS-EEES-SEEEEE-TT--TTTSHHHHHH-STT-EEESPEEPTTS-EETT--SS-S--EEEEEGGGSSSB--SS-B-S-EEEEEEEE--TTS-S-SEEEPPHHHHHHHHHH-EEE-------S--EEE-GGG-GGG-SS-HHHHHHHHHHHHHHHT-EEEEEE-SB-TTSSBPPHHHHHHHHHHHHTSTTTTS-EEEETTTTEEEES--TTS-GGGTSGGGGSSSHHHHHHHHHHHHHHHHHHHGGGTTSHHHHHHGGGS---,CCCCCHHHHHHHCCCCCCCEEECCCHHHHHHHHCCCCCCHHHCCEECCCCCEEECCCCCCCCCHHHEEEECCCCCCCCCCCCCCCCCCCCCEEECHHHHHHHHHHHHHHCCCCCEEEEEEEECCCCCCCEEEEEEECCHHHHHHHHHHCECCCHHHHHCCCCCEEEEEECCCCCCCHHHHCCCCCCEEEEECCCCEEEEECCCCCHHHHHHHHHHHHHHCHHHCCEEECEEEEECCCCCEEEEECCCCCCHHHHHCCCCCEEEECCCEEECCCCEEECCCEEEEECCCCCCCCCHHHHHHCCCCCEEECCEECCCCCEECCCCCCCCCCEEEEEHHHCCCECCCCCECCCEEEEEEEECCCCCCCCCEEECCHHHHHHHHHHCEEECCCCCCCCCCEEECHHHCHHHCCCCHHHHHHHHHHHHHHHCCEEEEEECCECCCCCECCHHHHHHHHHHHHCCCCCCCCEEEECCCCEEEECCCCCCCHHHCCHHHHCCCHHHHHHHHHHHHHHHHHHHHHHCCCHHHHHHHHHCCCC,534
1AWO,SLFVALYDFVASGDNTLSITKGEKLRVLGYNHNGEWCEAQTKNGQGWVPSNYITPVS,--EEE-S-----SSSB----TT-S--EEEE-SSSSEEEEE-SS-EEEEETTSEEE--,CCEEECCCCCCCCCCECCCCCCCCCCEEEECCCCCEEEEECCCCEEEEECCCEEECC,57
1BG0,VDQATLDKLEAGFKKLQEASDCKSLLKKHLTKDVFDSIKNKKTGMGATLLDVIQSGVENLDSGVGIYAPDAESYRTFGPLFDPIIDDYHGGFKLTDKHPPKQWGDINTLVGLDPAGQFIISTRVRCGRSLQGYPFNPCLTAEQYKEMEEKVSSTLSSMEDELKGTYYPLTGMSKATQQQLIDDHFLFKEGDRFLQTANACRYWPTGRGIFHNDAKTFLVWVNEEDHLRIISMQKGGDLKTVYKRLVTAVDNIESKLPFSHDDRFGFLTFCPTNLGTTMRASVHIQLPKLAKDRKVLEDIASKFNLQVRGTRGEHTESEGGVYDISNKRRLGLTEYQAVREMQDGILEMIKMEKAAA,--HHHHHHHHHHHHHHHH-TT---HHHHH--HHHHHHHTT-B-TT--BHHHHHHHHHH-TT-SS----SSTTHHHHTHHHHHHHHHHHTT---TT--PPPP----GGG--BS-TT-SSEEEEEEEEEE-BTT---GGG--HHHHHHHHHHHHHHHTT--GGG--EEEESTT--HHHHHHHHHTT-SPPS--HHHHTTT--TTTTTT-EEEE-TTSSEEEEESSSSSEEEEEEEES-BHHHHHHHHHHHHHHHHTTS-B-EETTTEE--SSGGG-BT--EEEEEEE-HHHHTTHHHHHHHHHHTTEEEEBTTBTTS--BTTEEEEEE---SSS-HHHHHHHHHHHHHHHHHHHHH--,CCHHHHHHHHHHHHHHHHCCCCCCHHHHHCCHHHHHHHCCCECCCCCEHHHHHHHHHHCCCCCCCCCCCCCCHHHHCHHHHHHHHHHHCCCCCCCCCCCCCCCCCHHHCCECCCCCCCEEEEEEEEEECECCCCCHHHCCHHHHHHHHHHHHHHHCCCCHHHCCEEEECCCCCHHHHHHHHHCCCCCCCCCHHHHCCCCCCCCCCCCEEEECCCCCEEEEECCCCCEEEEEEEECCEHHHHHHHHHHHHHHHHCCCCECEECCCEECCCCHHHCECCCEEEEEEECHHHHCCHHHHHHHHHHCCEEEEECCECCCCCECCEEEEEECCCCCCCHHHHHHHHHHHHHHHHHHHHHCC,356
1GMI,MVVFNGLLKIKICEAVSLKPTAWSLRDVGPRPQTFLLDPYIALNVDDSRIGQTATKQKTNSPAWHDEFVTDVCNGRKIELAVFHDAPIGYDDFVANCTIQFEELLQNGSRHFEDWIDLEPEGKVYVIIDLSGSSG,---EEEEEEEEEEEEES----HHHH-S--SS-------EEEEEEETTEEEEEPPPPSS-SS-EEEEEEEEEEEEE-EEEEEEEE--SSSSPEEEEEEEEEHHHHTSTT-SEEEEEEE-BSS-EEEEEEEEEEEE-,CCCEEEEEEEEEEEEECCCCCHHHHCCCCCCCCCCCCCEEEEEEECCEEEEECCCCCCCCCCEEEEEEEEEEEEECEEEEEEEECCCCCCCEEEEEEEEEHHHHCCCCCCEEEEEEECECCCEEEEEEEEEEEEC,135
1GSJ,XXNPLIIKLGGVLLDSEEALERLFSALVNYRESHQRPLVIVHGGGCVVDELXKGLNLPVKKKNGLRVTPADQIDIITGALAGTANKTLLAWAKKHQIAAVGLFLGDGDSVKVTQLDEELGHVGLAQPGSPKLINSLLENGYLPVVSSIGVTDEGQLXNVNADQAATALAATLGADLILLSDVSGILDGKGQRIAEXTAAKAEQLIEQGIITDGXIVKVNAALDAARTLGRPVDIASWRHAEQLPALFNGXPXGTRILA,-PPPEEEEE-GGGGG-HHHHHHHHHHHHHHHTT--S-EEEEE--HHHHHHHHHHTT----EETTEE-B-TTTHHHHHIIIIIIIHHHHHHHHHHTT--EEEE-TTGGG-EEEEE--TTTBSBEEEEE---HHHHHHHHTT-EEEEESEEE-TTS-EEE--HHHHHHHHHHHHT-EEEEEESSSS-B-TTS-B--EE-HHHHHHHHHTTSS-HHHHHHHHHHHHHHHHHTS-EEEEESS-GGGHHHHHHT---SEEE--,CCCCEEEEECHHHHHCHHHHHHHHHHHHHHHCCCCCCEEEEECCHHHHHHHHHHCCCCCCEECCEECECCCCHHHHHHHHHHHHHHHHHHHHHHCCCCEEEECCCHHHCEEEEECCCCCECEEEEEECCCHHHHHHHHCCCEEEEECEEECCCCCEEECCHHHHHHHHHHHHCCEEEEEECCCCCECCCCCECCEECHHHHHHHHHCCCCCHHHHHHHHHHHHHHHHHCCCEEEEECCCHHHHHHHHHCCCCCEEECC,258
1GZK,KVTMNDFDYLKLLGKGTFGKVILVREKATGRYYAMKILRKEVIVTESRVLQNTRHPFLTALKYAFQTHDRLCFVMEYANGGELFFHLSRERVFTEERARFYGAEIVSALEYLHSRDVVYRDIKLENLMLDKDGHIKITDFGLTPEYLAPEVLEDNDYGRAVDWWGLGVVMYEMMCGRLPFYNQDHERLFELILMEEIRFPRTLSPEAKSLLAGLLKKDPKQRLGGGPSDAKEVMEHRFFLSINWQDVVQKKLLPPFKPQVTSEVDTRYFDD,---GGGEEEEEEEEE-SSEEEEEEEETTTTEEEEEEEEETTT--TTTTHHHH--BTTB--EEEEEE-SSEEEEEEE---S-BHHHHHHTTSS--HHHHHHHHHHHHHHHHHHHHTT------SGGGEEE-TTS-EEE-SS--------HHHHHH----THHHHHHHHHHHHHHHHSS-TTSSS-STTHHHHHHHPPP---TTS-HHHHHHHHHHT-SSGGGSTT-STTTHHHHHTSTT-SS--HHHHHHT-SPPSS----SSTT--TTS--,CCCHHHEEEEEEEEECCCEEEEEEEECCCCEEEEEEEEECCCCCCCCCHHHHCCECCECCEEEEEECCCEEEEEEECCCCCEHHHHHHCCCCCCHHHHHHHHHHHHHHHHHHHHCCCCCCCCCHHHEEECCCCCEEECCCCCCCCCCCHHHHHHCCCCCHHHHHHHHHHHHHHHHCCCCCCCCCCCCHHHHHHHCCCCCCCCCCHHHHHHHHHHCCCCHHHCCCCCCCCHHHHHCCCCCCCCCHHHHHHCCCCCCCCCCCCCCCCCCCCCC,271
1GZN,KVTMNDFDYLKLLGKGTFGKVILVREKATGRYYAMKILRKEVIVTESRVLQNTRHPFLTALKYAFQTHDRLCFVMEYANGGELFFHLSRERVFTEERARFYGAEIVSALEYLHSRDVVYRDIKLENLMLDKDGHIKITDFGLTPEYLAPEVLEDNDYGRAVDWWGLGVVMYEMMCGRLPFYNQDHERLFELILMEEIRFPRTLSPEAKSLLAGLLKKDPKQRLGGGPSDAKEVMEHRFFLSINWQDVVQKKLLPPFKPQVTSEVDTRYFDD,---GGGEEEEEEEEE-SSEEEEEEEETTT--EEEEEEEETTT--TTTTHHHH---TTBPPEEEEEE-SSEEEEEEE---S-BHHHHHHHHSS--HHHHHHHHHHHHHHHHHHHHTT------SGGGEEE-TTS-EEE-SS--------HHHHHH----THHHHHHHHHHHHHHHHSS-TTSSS-STTHHHHHHHS-----SSS-TTHHHHHHHHT-S-GGGSTT-STTTHHHHHTSGGGSS--HHHHHTT-SPPSS----SSTT---TT--,CCCHHHEEEEEEEEECCCEEEEEEEECCCCCEEEEEEEECCCCCCCCCHHHHCCCCCECCEEEEEECCCEEEEEEECCCCCEHHHHHHHHCCCCHHHHHHHHHHHHHHHHHHHHCCCCCCCCCHHHEEECCCCCEEECCCCCCCCCCCHHHHHHCCCCCHHHHHHHHHHHHHHHHCCCCCCCCCCCCHHHHHHHCCCCCCCCCCCCHHHHHHHHCCCCHHHCCCCCCCCHHHHHCCHHHCCCCHHHHHCCCCCCCCCCCCCCCCCCCCCCC,271
1GZO,KVTMNDFDYLKLLGKGTFGKVILVREKATGRYYAMKILRKEVIVTESRVLQNTRHPFLTALKYAFQTHDRLCFVMEYANGGELFFHLSRERVFTEERARFYGAEIVSALEYLHSRDVVYRDIKLENLMLDKDGHIKITDFGLTPEYLAPEVLEDNDYGRAVDWWGLGVVMYEMMCGRLPFYNQDHERLFELILMEEIRFPRTLSPEAKSLLAGLLKKDPKQRLGGGPSDAKEVMEHRFFLSINWQDVVQKKLLPPFKPQVTSEVDTRYFDD,---GGGEEEEEEEEE-SSEEEEEEEESSS--EEEEEEEETTT--TTTTHHHH---TTBPPEEEEEE-SSEEEEEEE---S-BHHHHHHTTSS--HHHHHHHHHHHHHHHHHHHHTT------SGGGEEE-TTS-EEE-SS--------HHHHHH----THHHHHHHHHHHHHHHHSS-TTSSS-STTHHHHHHH------SSS-TTHHHHHHHHT-SSTTTSTT-STTTHHHHHTSGGGSS--HHHHHTT-SPPSS----SSTT--SSS--,CCCHHHEEEEEEEEECCCEEEEEEEECCCCCEEEEEEEECCCCCCCCCHHHHCCCCCECCEEEEEECCCEEEEEEECCCCCEHHHHHHCCCCCCHHHHHHHHHHHHHHHHHHHHCCCCCCCCCHHHEEECCCCCEEECCCCCCCCCCCHHHHHHCCCCCHHHHHHHHHHHHHHHHCCCCCCCCCCCCHHHHHHHCCCCCCCCCCCCHHHHHHHHCCCCCCCCCCCCCCCHHHHHCCHHHCCCCHHHHHCCCCCCCCCCCCCCCCCCCCCCC,271
1H8F,SKVTTVVATPGQGPDRPQEVSYTDTKVIGNGSFGVVYQAKLCDSGELVAIKKVLQGKAFKNRELQIMRKLDHCNIVRLRYFFYSSGEKKDEVYLNLVLDYVPETVYRVARHYSRAKQTLPVIYVKLYMYQLFRSLAYIHSFGICHRDIKPQNLLLDPDTAVLKLCDFGSAKQLVRGEPNVSYICSRYYRAPELIFGATDYTSSIDVWSAGCVLAELLLGQPIFPGDSGVDQLVEIIKVLGTPTREQIREMNPNYTEFAFPQIKAHPWTKVFRPRTPPEAIALCSRLLEYTPTARLTPLEACAHSFFDELRDPNVKLPNGRDTPALFNFTTQELSSNPPLATILIPPHARIQASKVTTVVATPGQGPDRPQEVSYTDTKVIGNGSFGVVYQAKLCDSGELVAIKKVLQGKAFKNRELQIMRKLDHCNIVRLRYFFYSSGEKKDEVYLNLVLDYVPETVYRVARHYSRAKQTLPVIYVKLYMYQLFRSLAYIHSFGICHRDIKPQNLLLDPDTAVLKLCDFGSAKQLVRGEPNVSYICSRYYRAPELIFGATDYTSSIDVWSAGCVLAELLLGQPIFPGDSGVDQLVEIIKVLGTPTREQIREMNPNYTEFAFPQIKAHPWTKVFRPRTPPEAIALCSRLLEYTPTARLTPLEACAHSFFDELRDPNVKLPNGRDTPALFNFTTQELSSNPPLATILIPPHARI,---EEEEEEESSS-S--EEEEEEEEEEEEEETTEEEEEEEETTT--EEEEEEEEE-SSS--HHHHHHHT---TTB--EEEEEEEE-STTTPEEEEEEEEP-SEEHHHHHHHHHTTT----HHHHHHHHHHHHHHHHHHHHTTEE-S---GGGEEE-TTT--EEE---TT-EE--TTS---S--S-GGG--HHHHTT-SS--THHHHHHHHHHHHHHHHSS-SS--SSHHHHHHHHHHHH-PPPHHHHHHS-SS--S-----PPP--GGGTS-TTS-HHHHHHHHHHS-SSGGGSPPHHHHHTSGGGGGGGSTT---TTSPPPP------HHHHTT-GGGHHHHS-GGGG------EEEEEEESSS-S--EEEEEEEEEEEEEETTEEEEEEEETTT--EEEEEEEEE-SSS--HHHHHHHH---TTB--EEEEEEEE-STTT-EEEEEEEEP-SEEHHHHHHHHHTTT----HHHHHHHHHHHHHHHHHHHHTTEE-----GGGEEE-TTT--EEE---TT-EE--TTS---S--S-GGG--HHHHTT-SS--THHHHHHHHHHHHHHHHSS-SS--SSHHHHHHHHHHHH-PPPHHHHHHS-SS--S-----PPP--GGGTS-TTS-HHHHHHHHHHS-SSGGGSPPHHHHHTSGGGGGGGSTT---TTSPPPPP-----HHHHTT-GGGHHHHS-SS---,CCCEEEEEEECCCCCCCEEEEEEEEEEEEEECCEEEEEEEECCCCCEEEEEEEEECCCCCCHHHHHHHCCCCCCECCEEEEEEEECCCCCCEEEEEEEECCCEEHHHHHHHHHCCCCCCCHHHHHHHHHHHHHHHHHHHHCCEECCCCCHHHEEECCCCCCEEECCCCCCEECCCCCCCCCCCCCHHHCCHHHHCCCCCCCCHHHHHHHHHHHHHHHHCCCCCCCCCHHHHHHHHHHHHCCCCHHHHHHCCCCCCCCCCCCCCCCCHHHCCCCCCCHHHHHHHHHHCCCCHHHCCCHHHHHCCHHHHHHHCCCCCCCCCCCCCCCCCCCHHHHCCCHHHHHHHCCHHHHCCCCCCEEEEEEECCCCCCCEEEEEEEEEEEEEECCEEEEEEEECCCCCEEEEEEEEECCCCCCHHHHHHHHCCCCCECCEEEEEEEECCCCCCEEEEEEEECCCEEHHHHHHHHHCCCCCCCHHHHHHHHHHHHHHHHHHHHCCEECCCCCHHHEEECCCCCCEEECCCCCCEECCCCCCCCCCCCCHHHCCHHHHCCCCCCCCHHHHHHHHHHHHHHHHCCCCCCCCCHHHHHHHHHHHHCCCCHHHHHHCCCCCCCCCCCCCCCCCHHHCCCCCCCHHHHHHHHHHCCCCHHHCCCHHHHHCCHHHHHHHCCCCCCCCCCCCCCCCCCCHHHHCCCHHHHHHHCCCCCCC,702
1KOA,YDNYVFDIWKQYYPQPVEIKHDHVLDHYDIHEELGTGAFGVVHRVTERATGNNFAAKFVMTPHESDKETVRKEIQTMSVLRHPTLVNLHDAFEDDNEMVMIYEFMSGGELFEKVADEHNKMSEDEAVEYMRQVCKGLCHMHENNYVHLDLKPENIMFTTKRSNELKLIDFGLTAHLDPKQSVKVTTGTAEFAAPEVAEGKPVGYYTDMWSVGVLSYILLSGLSPFGGENDDETLRNVKSCDWNMDDSAFSGISEDGKDFIRKLLLADPNTRMTIHQALEHPWLTPGNAPGRDSQIPSSRYTKIRDSIKTKYDAWPEPLPPLGRISNYSSLRKHRPQEYSIRDAFWDRSEAQPRFIVKPYGTEVGEGQSANFYCRVIASSPPVVTWHKDDRELKQSVKYMKRYNGNDYGLTINRVKGDDKGEYTVRAKNSYGTKEEIVFLNVTRHSEP,-GGG---HHHH--------B-S-GGGTEEEEEEEEEETTEEEEEEEETTTTEEEEEEEE---SHHHHHHHHHHHHHHHHT--TTB--EEEEEEETTEEEEEEPP--S-BHHHHHT-TTS-B-HHHHHHHHHHHHHHHHHHHHTTEE-----GGGEEESSTTS--EEE---TT-EE--TTS-EEEE-S-TTT--HHHHHT--B-HHHHHHHHHHHHHHHHHSS-SS--SSHHHHHHHHHHT---S--GGGGG--HHHHHHHHHH--SSGGGSPPHHHHHHSTTTS-TT--S----B-TTTTHHHHHHHHHHHTTSPPPSSGGGGGGG--GGGGG-HHHHTEEEE-B-GGGSS-EEEE-----EEETTS-EEEEEEEE-SSPPEEEEEETTEE--SBTTBB---STTEEEEEES---SGGGS-EEEEEEETTEEEEEEE--EEE-S---,CHHHCCCHHHHCCCCCCCCECCCHHHCEEEEEEEEEECCEEEEEEEECCCCEEEEEEEECCCCHHHHHHHHHHHHHHHHCCCCCECCEEEEEEECCEEEEEECCCCCCEHHHHHCCCCCCECHHHHHHHHHHHHHHHHHHHHCCEECCCCCHHHEEECCCCCCCEEECCCCCCEECCCCCCEEEECCCCCCCCHHHHHCCCECHHHHHHHHHHHHHHHHHCCCCCCCCCHHHHHHHHHHCCCCCCCHHHHHCCHHHHHHHHHHCCCCHHHCCCHHHHHHCCCCCCCCCCCCCCCECCCCCHHHHHHHHHHHCCCCCCCCHHHHHHHCCHHHHHCHHHHCEEEECECHHHCCCEEEECCCCCEEECCCCEEEEEEEECCCCCEEEEEECCEECCCECCEECCCCCCEEEEEECCCCCHHHCCEEEEEEECCEEEEEEECCEEECCCCC,447
1KOB,INDYDKFYEDIWKKYVPQPVEVKQGSVYDYYDILEELGSGAFGVVHRCVEKATGRVFVAKFINTPYPLDKYTVKNEISIMNQLHHPKLINLHDAFEDKYEMVLILEFLSGGELFDRIAAEDYKMSEAEVINYMRQACEGLKHMHEHSIVHLDIKPENIMCETKKASSVKIIDFGLATKLNPDEIVKVTTATAEFAAPEIVDREPVGFYTDMWAIGVLGYVLLSGLSPFAGEDDLETLQNVKRCDWEFDEDAFSSVSPEAKDFIKNLLQKEPRKRLTVHDALEHPWLKGDHSNLTSRIPSSRYNKIRQKIKEKYADWPAPQPAIGRIANFSSLRKHRPQEYQIYDSYFDRKEAINDYDKFYEDIWKKYVPQPVEVKQGSVYDYYDILEELGSGAFGVVHRCVEKATGRVFVAKFINTPYPLDKYTVKNEISIMNQLHHPKLINLHDAFEDKYEMVLILEFLSGGELFDRIAAEDYKMSEAEVINYMRQACEGLKHMHEHSIVHLDIKPENIMCETKKASSVKIIDFGLATKLNPDEIVKVTTATAEFAAPEIVDREPVGFYTDMWAIGVLGYVLLSGLSPFAGEDDLETLQNVKRCDWEFDEDAFSSVSPEAKDFIKNLLQKEPRKRLTVHDALEHPWLKGDHSNLTSRIPSSRYNKIRQKIKEKYADWPAPQPAIGRIANFSSLRKHRPQEYQIYDSYFDRKEA,---SGGG---HHHH--------B-S-GGGTEEEEEEEEEETTEEEEEEEETTT--EEEEEEEE--SHHHHHHHHHHHHHHTT--STTB--EEEEEE-SSEEEEEEE-----BHHHHTT-TT--B-HHHHHHHHHHHHHHHHHHHHTTEE-----GGGEEESSTT---EEE---TT-EE--TTS-EEEE-SSGGG--HHHHTT--B-HHHHHHHHHHHHHHHHHS--SS--SSHHHHHHHHHH------SSTTTTS-HHHHHHHHTTS-SSGGGS--HHHHHTSTTTSS--TT----B-GGGGHHHHHHHHTTTTTSPPPSSGGGGGGG--GGGGG-HHHHTEEEE-B-TT-----SGGG---HHHH-------EESS-GGGTEEEEEEEEEETTEEEEEEEETTT--EEEEEEEE--SHHHHHHHHHHHHHHTT--STTBPPEEEEEE-SSEEEEEEE-----BHHHHTT-TT----HHHHHHHHHHHHHHHHHHHTTTEE-----GGGEEESSTT-S-EEE---TT-EE--TTSEEEEE-TTGGG--HHHHTT--B-HHHHHHHHHHHHHHHHHS--TT--SSHHHHHHHHHHT-----TTTTTTS-HHHHHHHHTTS-SSGGGS--HHHHTTSHHHHS--TT------GGGGHHHHHHHHHHTTTSPPPSSGGGGGGG--GGGTT-HHHHTEEEEEB-TT--,CCCCHHHCCCHHHHCCCCCCCCECCCHHHCEEEEEEEEEECCEEEEEEEECCCCCEEEEEEEECCCHHHHHHHHHHHHHHCCCCCCCECCEEEEEECCCEEEEEEECCCCCEHHHHCCCCCCCECHHHHHHHHHHHHHHHHHHHHCCEECCCCCHHHEEECCCCCCCEEECCCCCCEECCCCCCEEEECCCHHHCCHHHHCCCCECHHHHHHHHHHHHHHHHHCCCCCCCCCHHHHHHHHHHCCCCCCCCCCCCCCHHHHHHHHCCCCCCHHHCCCHHHHHCCCCCCCCCCCCCCCECHHHHHHHHHHHHCCCCCCCCCCCHHHHHHHCCHHHHHCHHHHCEEEECECCCCCCCCCHHHCCCHHHHCCCCCCCEECCCHHHCEEEEEEEEEECCEEEEEEEECCCCCEEEEEEEECCCHHHHHHHHHHHHHHCCCCCCCECCEEEEEECCCEEEEEEECCCCCEHHHHCCCCCCCCCHHHHHHHHHHHHHHHHHHHCCCEECCCCCHHHEEECCCCCCCEEECCCCCCEECCCCCEEEEECCCHHHCCHHHHCCCCECHHHHHHHHHHHHHHHHHCCCCCCCCCHHHHHHHHHHCCCCCCCCCCCCCCHHHHHHHHCCCCCCHHHCCCHHHHCCCHHHHCCCCCCCCCCCHHHHHHHHHHHHHHCCCCCCCCCHHHHHHHCCHHHCCCHHHHCEEEEEECCCCC,704
1KWA,RSRLVQFQKNTDEPMGITLKMNELNHCIVARIMHGGMIHRQGTLHVGDEIREINGISVANQTVEQLQKMLREMRGSITFKIVPSYREFRSRLVQFQKNTDEPMGITLKMLNHCIVARIMHGGMIHRQGTLHVGDEIREINGISVANQTVEQLQKMLREMRGSITFKIVPSYREF,--EEEEEEE-SSS---EEEE-S-GGGEEEEEE-TTSHHHHHT---TTPEEEEETTEEGGGS-HHHHHHHHHH--EEEEEEEE--------EEEEEEE-SS----EEEE-----EEEEE-TTSHHHHH----TT-EEEEETTEESTTS-HHHHHHHHHH--EEEEEEEE--EEE-,CCEEEEEEECCCCCCCEEEECCCHHHEEEEEECCCCHHHHHCCCCCCCEEEEECCEEHHHCCHHHHHHHHHHCCEEEEEEEECCCCCCCCEEEEEEECCCCCCCEEEECCCCCEEEEECCCCHHHHHCCCCCCCEEEEECCEECCCCCHHHHHHHHHHCCEEEEEEEECCEEEC,174
1NKS,MKIGIVTGIPGVGKSTVLAKVKEILDNQGINNKIINYGDFMLATALKLGYAKDRDEMRKLSVEKQKKLQIDAAKGIAEEARAGGEGYLFIDTHAVIRTPSGYLPGLPSYVITEINPSVIFLLEADPKIILSRQKRDTTRNRNDYSDESVILETINFARYAATASAVLAGSTVKVIVNVEGDPSIAANEIIRSMKMKIGIVTGIPGVGKSTVLAKVKEILDNQGINNKIINYGDFMLATALKLGYAKDRDEMRKLSVEKQKKLQIDAAKGIAEEARAGGEGYLFIDTHAVIRTPSGYLPGLPSYVITEINPSVIFLLEADPKIILSRQKRDTTRNRNDYSDESVILETINFARYAATASAVLAGSTVKVIVNVEGDPSIAANEIIRSMKMKIGIVTGIPGVGKSTVLAKVKEILDNQGINNKIINYGDFMLATALKLGYAKDRDEMRKLSVEKQKKLQIDAAKGIAEEARAGGEGYLFIDTHAVIRTPSGYLPGLPSYVITEINPSVIFLLEADPKIILSRQKRDTTRNRNDYSDESVILETINFARYAATASAVLAGSTVKVIVNVEGDPSIAANEIIRSMKMKIGIVTGIPGVGKSTVLAKVKEILDNQGINNKIINYGDFMLATALKLGYAKDRDEMRKLSVEKQKKLQIDAAKGIAEEARAGGEGYLFIDTHAVIRTPSGYLPGLPSYVITEINPSVIFLLEADPKIILSRQKRDTTRNRNDYSDESVILETINFARYAATASAVLAGSTVKVIVNVEGDPSIAANEIIRSMKMKIGIVTGIPGVGKSTVLAKVKEILDNQGINNKIINYGDFMLATALKLGYAKDRDEMRKLSVEKQKKLQIDAAKGIAEEARAGGEGYLFIDTHAVIRTPSGYLPGLPSYVITEINPSVIFLLEADPKIILSRQKRDTTRNRNDYSDESVILETINFARYAATASAVLAGSTVKVIVNVEGDPSIAANEIIRSMKMKIGIVTGIPGVGKSTVLAKVKEILDNQGINNKIINYGDFMLATALKLGYAKDRDEMRKLSVEKQKKLQIDAAKGIAEEARAGGEGYLFIDTHAVIRTPSGYLPGLPSYVITEINPSVIFLLEADPKIILSRQKRDTTRNRNDYSDESVILETINFARYAATASAVLAGSTVKVIVNVEGDPSIAANEIIRSMK,-EEEEEEE-TTS-HHHHHHHHHHHHHTTT--EEEEEHHHHHHHHHHTTTS-SSHHHHTTS-HHHHHHHHHHHHHHHHHHHHHT-SSEEEEEE-SEEEETTEEEESS-HHHHHHH--SEEEEEE--HHHHHHHHHH-TTT------SHHHHHHHHHHHHHHHHHHHHHHT-EEEEEE--SS-HHHHHHHHHHHH--EEEEEEE-TTS-HHHHHHHHHHHHHHTT--EEEEEHHHHHHHHHHHTSS-SSHHHHHSS-HHHHHHHHHHHHHHHHHHHHHT-SSEEEEE--SEEEETTEEEESS-HHHHHHH--SEEEEEE--HHHHHHHHHS--SS------SHHHHHHHHHHHHHHHHHHHHHHT-EEEEEE--SS-SHHHHHHHHHHT--EEEEEEE-TTS-HHHHHHHHHHHHHTTT--EEEEEHHHHHHHHHHHHTS-SSGGGGGGS-HHHHHHHHHHHHHHHHHHHHTT-SSEEEEEE-SEEEETTEEEESS-HHHHHHH--SEEEEEE--HHHHHHHHHS-TTT--TT--SHHHHHHHHHHHHHHHHHHHHHHT-EEEEEE--TT-HHHHHHHHHHHH--EEEEEE--TTS-HHHHHHHHHHHHHTTT--EEEEEHHHHHHHHHHHHTS-SSHHHHTTS-HHHHHHHHHHHHHHHHHHHHTT-SSEEEEEE-SEEEETTEEEESS-HHHHHHH--SEEEEEE--HHHHHHHHHS--SS---S--SHHHHHHHHHHHHHHHHHHHHHHT-EEEEEE--SS-HHHHHHHHHHHH--EEEEEEE-TTS-HHHHHHHHHHHHHHTT--EEEEEHHHHHHHHHHHTSS-SSHHHHHTS-HHHHHHHHHHHHHHHHHHHHHT-SSEEEEE--SEE--TT-BEESS-HHHHHHH--SEEEEEE--TTGGGSSSSS--SS--TT--SHHHHHHHHHHHHHHHHHHHHHHT-EEEEEE--SS-THHHHHHHHHHT--EEEEEEE-TTS-HHHHHHHHHHHHHHTT--EEEEEHHHHHHHHHHHHTS-SSGGGGGGS-HHHHHHHHHHHHHHHHHHHHTT-SSEEEEEE-SEEEETTEEEESS-HHHHHHH--SEEEEEE--HHHHHHHHHT-TTS---S--SHHHHHHHHHHHHHHHHHHHHHHT-EEEEEE--TT-THHHHHHHHHHT-,CEEEEEEECCCCCHHHHHHHHHHHHHCCCCCEEEEEHHHHHHHHHHCCCCCCCHHHHCCCCHHHHHHHHHHHHHHHHHHHHHCCCCEEEEEECCEEEECCEEEECCCHHHHHHHCCCEEEEEECCHHHHHHHHHHCCCCCCCCCCCHHHHHHHHHHHHHHHHHHHHHHCCEEEEEECCCCCHHHHHHHHHHHHCCEEEEEEECCCCCHHHHHHHHHHHHHHCCCCEEEEEHHHHHHHHHHHCCCCCCHHHHHCCCHHHHHHHHHHHHHHHHHHHHHCCCCEEEEECCCEEEECCEEEECCCHHHHHHHCCCEEEEEECCHHHHHHHHHCCCCCCCCCCCCHHHHHHHHHHHHHHHHHHHHHHCCEEEEEECCCCCCHHHHHHHHHHCCCEEEEEEECCCCCHHHHHHHHHHHHHCCCCCEEEEEHHHHHHHHHHHHCCCCCHHHHHHCCHHHHHHHHHHHHHHHHHHHHCCCCCEEEEEECCEEEECCEEEECCCHHHHHHHCCCEEEEEECCHHHHHHHHHCCCCCCCCCCCCHHHHHHHHHHHHHHHHHHHHHHCCEEEEEECCCCCHHHHHHHHHHHHCCEEEEEECCCCCCHHHHHHHHHHHHHCCCCCEEEEEHHHHHHHHHHHHCCCCCHHHHCCCCHHHHHHHHHHHHHHHHHHHHCCCCCEEEEEECCEEEECCEEEECCCHHHHHHHCCCEEEEEECCHHHHHHHHHCCCCCCCCCCCCHHHHHHHHHHHHHHHHHHHHHHCCEEEEEECCCCCHHHHHHHHHHHHCCEEEEEEECCCCCHHHHHHHHHHHHHHCCCCEEEEEHHHHHHHHHHHCCCCCCHHHHHCCCHHHHHHHHHHHHHHHHHHHHHCCCCEEEEECCCEECCCCCEEECCCHHHHHHHCCCEEEEEECCCCHHHCCCCCCCCCCCCCCCCHHHHHHHHHHHHHHHHHHHHHHCCEEEEEECCCCCCHHHHHHHHHHCCCEEEEEEECCCCCHHHHHHHHHHHHHHCCCCEEEEEHHHHHHHHHHHHCCCCCHHHHHHCCHHHHHHHHHHHHHHHHHHHHCCCCCEEEEEECCEEEECCEEEECCCHHHHHHHCCCEEEEEECCHHHHHHHHHCCCCCCCCCCCCHHHHHHHHHHHHHHHHHHHHHHCCEEEEEECCCCCCHHHHHHHHHHCC,1164
1OEN,GLTPQELEAYGISDVHDIVYNPSYDLLYQEELDPSLTGYERGVLTNLGAVAVDTGIFTGRSPKDKYIVRDDTTRDTFWWADKGKGKNDNKPLSPETWQHLKGLVTRQLSGKRLFVVDAFCGANPDTRLSVRFITEVAWQAHFVKNMFIRPSDEELAGFKPDFIVMNGAKCTNPQWKEQGLNSENFVAFNLTERMQLIGGTWYGGEMKKGMFSMMNYLLPLKGIASMHCSANVGEAGDVAVFFGLSGSGKTTLSTDPARRLIGDDEHGWDDDGVFNFEGGSYAKTIKLSKEAEPEIYAAIRRDALLENVTVRAGGTIDFDDGSKTENTRVSYPIYHIDNIVKPVSKAGHATKVIFLTADAFGVLPPVSRLTADQTQYHFLSGFTAAAAPTPTFSACFGAAFLSLHPTQYAEVLVKRMQAAGAQAYLVNTGWNGTGKRISAADTRAIIDAILNGSLDNAETFTLPMFNLAIPTELPGVDTGILDPRNTYAGWQEKAETLAKLFIDNFDKYTDTPAGAALVAAGPAL,---HHHHHTTT--S--EEEES--HHHHHHHHT-TT--GGG--EE-TTS-EEE--TT--S--GGGEEEE-STTTTTTS--SSSTT--SS-EEE-HHHHHHHHHHHHHHHTTSEEEEEEEEESSSGGG-EEEEEEESSHHHHHHHHHHSBPPPHHHHHT---SEEEEEETT---TTHHHHT-SSS-EEEEETTTTEEEEES---THHHHHHHHHHHHHHHHHTT-EEEE-EEEE-TT--EEEEE--TTS-HHHHT-BTTBEEEESSEEEEETTEEEES-SEEEEE-TT--TTT-HHHHHH-STT-EEES-EEETTTEEETT--SS-S--EEEEEGGGSSSB--SSSB-S-EEEEEEEE--TTS-S-SEEEPPHHHHHHHHHH-EEEE---EEEE-GGG-GGG--S-HHHHHHHHHHHHHHHT-EEEEEE----SSSPPPPHHHHHHHHHHHHTTGGGG--EEEETTTTEEEES--TTS-GGGGSGGGG--THHHHHHHHHHHHHHHHGGGTTSHHHHHHGGGS---,CCCHHHHHCCCCCCCCEEEECCCHHHHHHHHCCCCCCHHHCCEECCCCCEEECCCCCCCCCHHHEEEECCCCCCCCCCCCCCCCCCCCCEEECHHHHHHHHHHHHHHHCCCEEEEEEEEECCCHHHCEEEEEEECCHHHHHHHHHHCECCCHHHHHCCCCCEEEEEECCCCCCCHHHHCCCCCCEEEEECCCCEEEEECCCCCHHHHHHHHHHHHHHHHHCCCEEEECEEEECCCCCEEEEECCCCCCHHHHCCECCEEEEECCEEEEECCEEEECCCEEEEECCCCCCCCCHHHHHHCCCCCEEECCEEECCCEEECCCCCCCCCCEEEEEHHHCCCECCCCCECCCEEEEEEEECCCCCCCCCEEECCHHHHHHHHHHCEEEECCCEEEECHHHCHHHCCCCHHHHHHHHHHHHHHHCCEEEEEECCCCCCCCCCCHHHHHHHHHHHHCCHHHHCCEEEECCCCEEEECCCCCCCHHHHCHHHHCCCHHHHHHHHHHHHHHHHHHHCCCHHHHHHHHHCCCC,524
1OH9,MMNPLIIKLGGVLLDSEEALERLFSALVNYRESHQRPLVIVHGGGCVVDELMKGLNLPVKKKNGLRVTPADQIDIITGALAGTANKTLLAWAKKHQIAAVGLFLGDGDSVKVTQLDEELGHVGLAQPGSPKLINSLLENGYLPVVSSIGVTDEGQLMNVNADQAATALAATLGADLILLSDVSGILDGKGQRIAEMTAAKAEQLIEQGIITDGMIVKVNAALDAARTLGRPVDIASWRHAEQLPALFNGMPMGTRILA,-PPPEEEEE-GGGGG-HHHHHHHHHHHHHHHTT--SPEEEEE--HHHHHHHHHTTT----EETTEE-B-TTTHHHHHIIIIIIIHHHHHHHHHHTT--EEEE-TTGGG-EEEEE--GGGBSBEEEEE---HHHHHHHHTT-EEEEESEEE-TTS-EEE--HHHHHHHHHHHHT-EEEEEESSSS-B-TTS-B--EE-HHHHHHHHHTTSS-THHHHHHHHHHHHHHHHTS-EEEEESS-GGGHHHHHTT---SEEEP-,CCCCEEEEECHHHHHCHHHHHHHHHHHHHHHCCCCCCEEEEECCHHHHHHHHHCCCCCCCEECCEECECCCCHHHHHHHHHHHHHHHHHHHHHHCCCCEEEECCCHHHCEEEEECCHHHECEEEEEECCCHHHHHHHHCCCEEEEECEEECCCCCEEECCHHHHHHHHHHHHCCEEEEEECCCCCECCCCCECCEECHHHHHHHHHCCCCCCHHHHHHHHHHHHHHHHCCCEEEEECCCHHHHHHHHCCCCCCEEECC,258
1OHA,MMNPLIIKLGGVLLDSEEALERLFSALVNYRESHQRPLVIVHGGGCVVDELMKGLNLPVKKKNGLRVTPADQIDIITGALAGTANKTLLAWAKKHQIAAVGLFLGDGDSVKVTQLDEELGHVGLAQPGSPKLINSLLENGYLPVVSSIGVTDEGQLMNVNADQAATALAATLGADLILLSDVSGILDGKGQRIAEMTAAKAEQLIEQGIITDGMIVKVNAALDAARTLGRPVDIASWRHAEQLPALFNGMPMGTRILA,-PPPEEEEE-SGGGG-HHHHHHHHHHHHHHHTT--SPEEEEE--HHHHHHHHHHTT----EETTEEPB-TTTHHHHHIIIIIIIHHHHHHHHHHTT--EEEE-TTGGG-EEEEE--TTTBSBEEEEE---HHHHHHHHTT-EEEE-SEEE-TTS-EEE--HHHHHHHHHHHHT-EEEEEESSSS-B-TTS-B--EE-HHHHHHHHHHTSS-HHHHHHHHHHHHHHHHHTS-EEEEE---GGGHHHHHTT--SSEEEP-,CCCCEEEEECCHHHHCHHHHHHHHHHHHHHHCCCCCCEEEEECCHHHHHHHHHHCCCCCCEECCEECECCCCHHHHHHHHHHHHHHHHHHHHHHCCCCEEEECCCHHHCEEEEECCCCCECEEEEEECCCHHHHHHHHCCCEEEECCEEECCCCCEEECCHHHHHHHHHHHHCCEEEEEECCCCCECCCCCECCEECHHHHHHHHHHCCCCHHHHHHHHHHHHHHHHHCCCEEEEECCCHHHHHHHHCCCCCCEEECC,258
1OHB,MMNPLIIKLGGVLLDSEEALERLFSALVNYRESHQRPLVIVHGGGCVVDELMKGLNLPVKKKNGLRVTPADQIDIITGALAGTANKTLLAWAKKHQIAAVGLFLGDGDSVKVTQLDEELGHVGLAQPGSPKLINSLLENGYLPVVSSIGVTDEGQLMNVNADQAATALAATLGADLILLSDVSGILDGKGQRIAEMTAAKAEQLIEQGIITDGMIVKVNAALDAARTLGRPVDIASWRHAEQLPALFNGMPMGTRILA,-PPPEEEEE-TTGGG-HHHHHHHHHHHHHHHTT-SSPEEEEE--HHHHHHHHHHTT----EETTEEPB-TTTHHHHHIIIIIIIHHHHHHHHHHTT--EEEEETTGGG-EEEEE--TTTBSBEEEEE---HHHHHHHHTT-EEEEESEEE-TTS-EEE--HHHHHHHHHHHHT-EEEEEESSSS-B-TTS-B--EE-HHHHHHHHHTTSS-THHHHHHHHHHHHHHHHTS-EEEEESS-GGGHHHHHHT---SEEEP-,CCCCEEEEECCCHHHCHHHHHHHHHHHHHHHCCCCCCEEEEECCHHHHHHHHHHCCCCCCEECCEECECCCCHHHHHHHHHHHHHHHHHHHHHHCCCCEEEEECCHHHCEEEEECCCCCECEEEEEECCCHHHHHHHHCCCEEEEECEEECCCCCEEECCHHHHHHHHHHHHCCEEEEEECCCCCECCCCCECCEECHHHHHHHHHCCCCCCHHHHHHHHHHHHHHHHCCCEEEEECCCHHHHHHHHHCCCCCEEECC,258
1OI2,DVLDEQLAGLAKAHPSLTLHQDPVYVTRADAPVAGKVALLSGGGSGHEPMHCGYIGQGMLSGACPGEIFTSPTPDKIFECAMQVDGGEGVLLIIKNYTGDILNFETATELLHDSGVKVTTVVIDDDVAVKDSLYTAGRRGVANTVLIEKLVGAAAERGDSLDACAELGRKLNNQGHSIGIALGACLADNEMEFGVGIHGEPGIDRRPFSSLDQTVDEMFDTLLVNGSYHRTLRFWDYQQGSWQEEQQTKQPLQSGDRVIALVNNLGATPLSELYGVYNRLTTRCQQAGLTIERNLIGAYCTSLDMTGFSITLLKVDDETLALWDAPVHTPALNWGKDVLDEQLAGLAKAHPSLTLHQDPVYVTRADAPVAGKVALLSGGGSGHEPMHCGYIGQGMLSGACPGEIFTSPTPDKIFECAMQVDGGEGVLLIIKNYTGDILNFETATELLHDSGVKVTTVVIDDDVAVKDSLYTAGRRGVANTVLIEKLVGAAAERGDSLDACAELGRKLNNQGHSIGIALGACLADNEMEFGVGIHGEPGIDRRPFSSLDQTVDEMFDTLLVNGSYHRTLRFWDYQQGSWQEEQQTKQPLQSGDRVIALVNNLGATPLSELYGVYNRLTTRCQQAGLTIERNLIGAYCTSLDMTGFSITLLKVDDETLALWDAPVHTPALNWGK,-HHHHHHHHHHHH-TTEEEETTTTEEEETT-S-TTS-EEEEEEEESSTTTTGGGBSBTSBSEEEEEEETSPPPHHHHHHHHHHH--SS-EEEEEESSHHHHHHHHHHHHHHHHTT--EEEEEE--B-S-BS-TT-SSBPP-THHHHHHHHHHHHHHHT--HHHHHHHHHHHHTTEEEEEEEEE----TTEEEET--TTS---SEEEE---HHHHHHHHHHHHHHS--EEEEEEEEETTTTEEEEEEEEEPPP-TT-EEEEEEEE-BS--HHHHHHHHHHHHHHHHHHT-EEEEEEEE-SS--TTBEEEEEEEEEE-HHHHHHHHS-EESSS-EE---HHHHHHHHHHHH-TTEEEETTTTEEEETT-S-TTS-EEEEEEEESSTTTTGGGBSBTSBSEEEEEEETSPPPHHHHHHHHHHH--SS-EEEEEES-HHHHHHHHHHHHHHHHTT--EEEEEE--B-S-BS-TT-SSB---THHHHHHHHHHHHHHTT--HHHHHHHHHHHHTTEEEEEEEEE----TTEEEET--TTS---SEEEE---HHHHHHHHHHHHHHS--EEEEEEEEETTTTEEEEEEEEEPPP-TT-EEEEEEEE-BS--HHHHHHHHHHHHHHHHHHTPEEEEEEEE-SS--TTBEEEEEEEEEE-HHHHHHHHS-EESSS-EE--,CHHHHHHHHHHHHCCCEEEECCCCEEEECCCCCCCCCEEEEEEEECCCCCCHHHECECCECEEEEEEECCCCCHHHHHHHHHHHCCCCCEEEEEECCHHHHHHHHHHHHHHHHCCCCEEEEEECCECCCECCCCCCCECCCCHHHHHHHHHHHHHHHCCCHHHHHHHHHHHHCCEEEEEEEEECCCCCCEEEECCCCCCCCCCEEEECCCHHHHHHHHHHHHHHCCCEEEEEEEEECCCCEEEEEEEEECCCCCCCEEEEEEEECECCCHHHHHHHHHHHHHHHHHHCCEEEEEEEECCCCCCCEEEEEEEEEEECHHHHHHHHCCEECCCCEECCCHHHHHHHHHHHHCCCEEEECCCCEEEECCCCCCCCCEEEEEEEECCCCCCHHHECECCECEEEEEEECCCCCHHHHHHHHHHHCCCCCEEEEEECCHHHHHHHHHHHHHHHHCCCCEEEEEECCECCCECCCCCCCECCCCHHHHHHHHHHHHHHCCCCHHHHHHHHHHHHCCEEEEEEEEECCCCCCEEEECCCCCCCCCCEEEECCCHHHHHHHHHHHHHHCCCEEEEEEEEECCCCEEEEEEEEECCCCCCCEEEEEEEECECCCHHHHHHHHHHHHHHHHHHCCEEEEEEEECCCCCCCEEEEEEEEEEECHHHHHHHHCCEECCCCEECC,672
1OI3,DVLDEQLAGLAKAHPSLTLHQDPVYVTRADAPVAGKVALLSGGGSGHEPMHCGYIGQGMLSGACPGEIFTSPTPDKIFECAMQVDGGEGVLLIIKNYTGDILNFETATELLHDSGVKVTTVVIDDDVAVKDSLYTAGRRGVANTVLIEKLVGAAAERGDSLDACAELGRKLNNQGHSIGIALGACLADNEMEFGVGIHGEPGIDRRPFSSLDQTVDEMFDTLLVNGSYHRTLRFWDYQQGSWQEEQQTKQPLQSGDRVIALVNNLGATPLSELYGVYNRLTTRCQQAGLTIERNLIGAYCTSLDMTGFSITLLKVDDETLALWDAPVHTPALNWGKDVLDEQLAGLAKAHPSLTLHQDPVYVTRADAPVAGKVALLSGGGSGHEPMHCGYIGQGMLSGACPGEIFTSPTPDKIFECAMQVDGGEGVLLIIKNYTGDILNFETATELLHDSGVKVTTVVIDDDVAVKDSLYTAGRRGVANTVLIEKLVGAAAERGDSLDACAELGRKLNNQGHSIGIALGACLADNEMEFGVGIHGEPGIDRRPFSSLDQTVDEMFDTLLVNGSYHRTLRFWDYQQGSWQEEQQTKQPLQSGDRVIALVNNLGATPLSELYGVYNRLTTRCQQAGLTIERNLIGAYCTSLDMTGFSITLLKVDDETLALWDAPVHTPALNWGK,-HHHHHHHHHHHH-TTEEEETTTTEEEETT-S-TTS-EEEEEEEESSTTTTGGGBSBTSBSEEEEEEET-PPPHHHHHHHHHHH--SS-EEEEEES-HHHHHHHHHHHHHHHHTT--EEEEEE--B-S-SS-TT-SSSPP-THHHHHHHHHHHHHHHT--HHHHHHHHHHHHTTEEEEEEEEE----TTEEEET--TTS---SEEEE---HHHHHHHHHHHHHHS--EEEEEEEEETTTTEEEEEEEEEPPP-TT-EEEEEEEE-BS--HHHHHHHHHHHHHHHHHHT-EEEEEEEE-SS--TTBEEEEEEEEE--HHHHHHHHS-EESSS-EE---HHHHHHHHHHHH-TTEEEETTTTEEEETT-S-TTS-EEEEEEEESSTTTTGGGBSBTSBSEEEEEEET-PPPHHHHHHHHHHH--SS-EEEEEES-HHHHHHHHHHHHHHHHTT--EEEEEE--B-S-BS-TT-SSB---THHHHHHHHHHHHHHHT--HHHHHHHHHHHHTTEEEEEEEEE----SSEEEET--TTS---SEEEE---HHHHHHHHHHHHHHS--EEEEEEEEETTTTEEEEEEEEEPPP-TT-EEEEEEEE-BS--HHHHHHHHHHHHHHHHHHT-EEEEEEEE-SS--TTBEEEEEEEEEE-HHHHHHHHS-EESSS-EE--,CHHHHHHHHHHHHCCCEEEECCCCEEEECCCCCCCCCEEEEEEEECCCCCCHHHECECCECEEEEEEECCCCCHHHHHHHHHHHCCCCCEEEEEECCHHHHHHHHHHHHHHHHCCCCEEEEEECCECCCCCCCCCCCCCCCCHHHHHHHHHHHHHHHCCCHHHHHHHHHHHHCCEEEEEEEEECCCCCCEEEECCCCCCCCCCEEEECCCHHHHHHHHHHHHHHCCCEEEEEEEEECCCCEEEEEEEEECCCCCCCEEEEEEEECECCCHHHHHHHHHHHHHHHHHHCCEEEEEEEECCCCCCCEEEEEEEEEECCHHHHHHHHCCEECCCCEECCCHHHHHHHHHHHHCCCEEEECCCCEEEECCCCCCCCCEEEEEEEECCCCCCHHHECECCECEEEEEEECCCCCHHHHHHHHHHHCCCCCEEEEEECCHHHHHHHHHHHHHHHHCCCCEEEEEECCECCCECCCCCCCECCCCHHHHHHHHHHHHHHHCCCHHHHHHHHHHHHCCEEEEEEEEECCCCCCEEEECCCCCCCCCCEEEECCCHHHHHHHHHHHHHHCCCEEEEEEEEECCCCEEEEEEEEECCCCCCCEEEEEEEECECCCHHHHHHHHHHHHHHHHHHCCEEEEEEEECCCCCCCEEEEEEEEEEECHHHHHHHHCCEECCCCEECC,672
1OI9,SMENFQKVEKIGEGTYGVVYKARNKLTGEVVALKKIRLTETEGVPSTAIREISLLKELNHPNIVKLLDVIHTENKLYLVFEFLHQDLKKFMDASALTGIPLPLIKSYLFQLLQGLAFCHSHRVLHRDLKPQNLLINTEGAIKLADFGLARAFGVPVRTYXHEVVTLWYRAPEILLGCKYYSTAVDIWSLGCIFAEMVTRRALFPGDSEIDQLFRIFRTLGTPDEVVWPGVTSMPDYKPSFPKWARQDFSKVVPPLDEDGRSLLSQMLHYDPNKRISAKAALAHPFFQDVTKPVPHLVPDYHEDIHTYLREMEVKCKPKVGYMKKQPDITNSMRAILVDWLVEVGEEYKLQNETLHLAVNYIDRFLSSMSVLRGKLQLVGTAAMLLASKFEEIYPPEVAEFVYITDDTYTKKQVLRMEHLVLKVLTFDLAAPTVNQFLTQYFLHQQPANCKVESLAMFLGELSLIDADPYLKYLPSVIAGAAFHLALYTVTGQSWPESLIRKTGYTLESLKPCLMDLHQTYLKAPQHAQQSIREKYKNSKYHGVSLLNPPETLNLSMENFQKVEKIGEGTYGVVYKARNKLTGEVVALKKIRLDTETEGVPSTAIREISLLKELNHPNIVKLLDVIHTENKLYLVFEFLHQDLKKFMDASALTGIPLPLIKSYLFQLLQGLAFCHSHRVLHRDLKPQNLLINTEGAIKLADFGLARAFGVPVRTYXHEVVTLWYRAPEILLGCKYYSTAVDIWSLGCIFAEMVTRRALFPGDSEIDQLFRIFRTLGTPDEVVWPGVTSMPDYKPSFPKWARQDFSKVVPPLDEDGRSLLSQMLHYDPNKRISAKAALAHPFFQDVTKPVPHLYHEDIHTYLREMEVKCKPKVGYMKKQPDITNSMRAILVDWLVEVGEEYKLQNETLHLAVNYIDRFLSSMSVLRGKLQLVGTAAMLLASKFEEIYPPEVAEFVYITDDTYTKKQVLRMEHLVLKVLTFDLAAPTVNQFLTQYFLHQQPANCKVESLAMFLGELSLIDADPYLKYLPSVIAGAAFHLALYTVTGQSWPESLIRKTGYTLESLKPCLMDLHQTYLKAPQHAQQSIREKYKNSKYHGVSLLNPPETL,--TTEEEEEEEE--SSSEEEEEEETTT--EEEEEEEE-S-S-SS-HHHHHHHHHHHH---TTBPPEEEEEE-SSEEEEEEE--SEEHHHHHHHTTTT---HHHHHHHHHHHHHHHHHHHHTTEE-----GGGEEE-TTS-EEE--GGG-EE--SS-----SS-S-GGG--HHHHTT-S---THHHHHHHHHHHHHHHHSS-S---SSHHHHHHHHHHHH----TTTSTTGGGSTT--TTS--PPPPPHHHHSTT--HHHHHHHHHHT-SSTTTSPPHHHHTTSGGGTT---------TTSHHHHHHHHHHHHHHTPPPTTTGGG-SS--HHHHHHHHHHHHHHHHHTT--HHHHHHHHHHHHHHHTT----GGGHHHHHHHHHHHHHHHH-SSPPPHHHHHHHTTTSS-HHHHHHHHHHHHHHTTT------HHHHHHHHHTT-SS--HHHHHHHHHHHHHHHH-HHHHTTS-HHHHHHHHHHHHHHHHHS--S-HHHHHHH---HHHHHHHHHHHHHHHHHGGGSS--HHHHHTTSGGGTTGGGSPPPS------TTEEEEEEEE--SSSEEEEEEETTT--EEEEEEEE-BTTTTBS-HHHHHHHHHHHH---TTB--EEEEEE-SSEEEEEEE--SEEHHHHHHHTTTT---HHHHHHHHHHHHHHHHHHHHTTEE-----GGGEEE-SSS-EEE---TT-EE--SS-----SS-S-GGG--HHHHTT-S---THHHHHHHHHHHHHHHHSS-SS--SSHHHHHHHHHHHH----TTTSTTGGGSTT--TTS----PPPSTTT-TT--HHHHHHHHHHT-SSGGGSPPHHHHHTSGGGTT---PPP---HHHHHHHHHHHHHHTPPPTTGGGG-SS--HHHHHHHHHHHHHHHHHTT--HHHHHHHHHHHHHHHHH----GGGHHHHHHHHHHHHHHHH-SSPPPHHHHHHHTTTSS-HHHHHHHHHHHHHHTTT------HHHHHHHHGGG-SS--HHHHHHHHHHHHHHHH-HHHHTSS-HHHHHHHHHHHHHHHHHS--S-HHHHHHH---TTTTHHHHHHHHHHHHSGGGSS--HHHHHTTSTTTTTTTTSPPPS--,CCCCEEEEEEEECCCCCEEEEEEECCCCCEEEEEEEECCCCCCCCHHHHHHHHHHHHCCCCCECCEEEEEECCCEEEEEEECCCEEHHHHHHHCCCCCCCHHHHHHHHHHHHHHHHHHHHCCEECCCCCHHHEEECCCCCEEECCHHHCEECCCCCCCCCCCCCCHHHCCHHHHCCCCCCCCHHHHHHHHHHHHHHHHCCCCCCCCCHHHHHHHHHHHHCCCCCCCCCCHHHCCCCCCCCCCCCCCCHHHHCCCCCHHHHHHHHHHCCCCCCCCCCHHHHCCCHHHCCCCCCCCCCCCCCHHHHHHHHHHHHHHCCCCCCCHHHCCCCCHHHHHHHHHHHHHHHHHCCCCHHHHHHHHHHHHHHHCCCCCCHHHHHHHHHHHHHHHHHHHCCCCCCHHHHHHHCCCCCCHHHHHHHHHHHHHHCCCCCCCCCHHHHHHHHHCCCCCCCHHHHHHHHHHHHHHHHCHHHHCCCCHHHHHHHHHHHHHHHHHCCCCCHHHHHHHCCCHHHHHHHHHHHHHHHHHHHHCCCCHHHHHCCCHHHCCHHHCCCCCCCCCCCCCEEEEEEEECCCCCEEEEEEECCCCCEEEEEEEECECCCCECCHHHHHHHHHHHHCCCCCECCEEEEEECCCEEEEEEECCCEEHHHHHHHCCCCCCCHHHHHHHHHHHHHHHHHHHHCCEECCCCCHHHEEECCCCCEEECCCCCCEECCCCCCCCCCCCCCHHHCCHHHHCCCCCCCCHHHHHHHHHHHHHHHHCCCCCCCCCHHHHHHHHHHHHCCCCCCCCCCHHHCCCCCCCCCCCCCCCCCCCCCCCCHHHHHHHHHHCCCCHHHCCCHHHHHCCHHHCCCCCCCCCCCHHHHHHHHHHHHHHCCCCCCHHHHCCCCCHHHHHHHHHHHHHHHHHCCCCHHHHHHHHHHHHHHHHHCCCCHHHHHHHHHHHHHHHHHHHCCCCCCHHHHHHHCCCCCCHHHHHHHHHHHHHHCCCCCCCCCHHHHHHHHHHHCCCCCHHHHHHHHHHHHHHHHCHHHHCCCCHHHHHHHHHHHHHHHHHCCCCCHHHHHHHCCCCCCCHHHHHHHHHHHHCHHHCCCCHHHHHCCCCCCCCCCCCCCCCCC,1104
1OIQ,MENFQKVEKIGGVVYKARNKLTGEVVALKKITAIREISLLKELNHPNIVKLLDVIHTLYLVFEFLHQDLKKFMDASALTGIPLPLIKSYLFQLLQGLAFCHSHRVLHRDLKPQNLLINTEGAIKLADFGLTLWYRAPEILLGCKYYSTAVDIWSLGCIFAEMVTRRALFPGDSEIDQLFRIFRTLGTPDEVVWPGVTSMPDYKPSFPKWARQDFSKVVPPLDEDGRSLLSQMLHYDPNKRISAKAALAHPFFQDVTKPVPHLRL,-TTEEEEEE----EEEEEESSS--EEEEEE--HHHHHHHHTT---TTB--EEEEE---EEEEEP-SEEHHHHHHHTTTT---HHHHHHHHHHHHHHHHHHHHTT-------GGGEEE-TTS-EEE-STT---TT--HHHHTT-SS--THHHHHHHHHHHHHHHHSS-SS--SSHHHHHHHHHHHH----TTTSTTGGGSTT--TTS--PPPPPHHHHSTTS-HHHHHHHHHHS-SSTTTSPPHHHHHTSGGGTT---PPP----,CCCEEEEEECCCCEEEEEECCCCCEEEEEECCHHHHHHHHCCCCCCCECCEEEEECCCEEEEECCCEEHHHHHHHCCCCCCCHHHHHHHHHHHHHHHHHHHHCCCCCCCCCHHHEEECCCCCEEECCCCCCCCCCCHHHHCCCCCCCCHHHHHHHHHHHHHHHHCCCCCCCCCHHHHHHHHHHHHCCCCCCCCCCHHHCCCCCCCCCCCCCCCHHHHCCCCCHHHHHHHHHHCCCCCCCCCCHHHHHCCHHHCCCCCCCCCCCC,264
1OIR,MENFQKVEKIGEGTYGVVYKARNKLTGEVVALXKIRLTAIREISLLKELNHPNIVKLLDVIHTENKLYLVFEFLHQDLKKFMDASALTGIPLPLIKSYLFQLLQGLAFCHSHRVLHRDLKPQNLLINTEGAIKLADFGLARAFGVPVRTYTHEVVTLWYRAPEILLGCKYYSTAVDIWSLGCIFAEMVTRRALFPGDSEIDQLFRIFRTLGTPDEVVWPGVTSMPDYKPSFPKWARQDFSKVVPPLDEDGRSLLSQMLHYDPNKRISAKAALAHPFFQDVTKPVPHL,-TTEEEEEEEEE-SSSEEEEEEETTT--EEEEEEEE--HHHHHHHGGG---TTB--EEEEEEETTEEEEEEE--SEEHHHHHHHTTTT---HHHHHHHHHHHHHHHHHHHHTT---S---GGGEEE-TTS-EEE-STTHHHHH---SB-TT-PBPP-TT--HHHHTT-SS--THHHHHHHHHHHHHHHHSS-SS--SSHHHHHHHHHHHH----TTTSTTGGGSTT--TTS---PPPPHHHHSTTS-HHHHHHHHHHT-SSTTTSPPHHHHHTSGGGTT---PPP--,CCCEEEEEEEEECCCCEEEEEEECCCCCEEEEEEEECCHHHHHHHHHHCCCCCECCEEEEEEECCEEEEEEECCCEEHHHHHHHCCCCCCCHHHHHHHHHHHHHHHHHHHHCCCCCCCCCHHHEEECCCCCEEECCCCHHHHHCCCCECCCCCECCCCCCCHHHHCCCCCCCCHHHHHHHHHHHHHHHHCCCCCCCCCHHHHHHHHHHHHCCCCCCCCCCHHHCCCCCCCCCCCCCCCHHHHCCCCCHHHHHHHHHHCCCCCCCCCCHHHHHCCHHHCCCCCCCCCC,287
1OIT,NFQKVEKIGEGTYGVVYKARNKLGEVVALKKITAIREISLLKELNHPNIVKLLDVIHTENKLYLVFEFLHQDLKKFMDASALTGIPLPLIKSYLFQLLQGLSFCHSHRVLHRDLKPQNLLINTEGAIKLADFGLARAVVTLWYRAPEILLGCKYYSTAVDIWSLGCIFAEMVTRRALFPGDSEIDQLFRIFRTLGTPDEVVWPGVTSMPDYKPSFPKWARQDFSKVVPPLDEDGRSLLSQMLHYDPNKRISAKAALAHPFFQDVTKPVPHLRL,-EEEEEEEEEETTEEEEEEEE-S--EEEEEE--HHHHHHHHTT---TTB--EEEEEEETTEEEEEEE--SEEHHHHHHHTTTT---HHHHHHHHHHHHHHHHHHHHTT---S---GGGEEE-TTS-EEE-STT-TT-----TT--HHHHTT-SS--THHHHHHHHHHHHHHHHSS-S---SSHHHHHHHHHHHH----TTTSTTGGGSTT--TTS--PPPPPHHHHSTT--HHHHHHHHHHT-SSTTTSPPHHHHHTSGGGTT---PPP----,CEEEEEEEEEECCEEEEEEEECCCCEEEEEECCHHHHHHHHCCCCCCCECCEEEEEEECCEEEEEEECCCEEHHHHHHHCCCCCCCHHHHHHHHHHHHHHHHHHHHCCCCCCCCCHHHEEECCCCCEEECCCCCCCCCCCCCCCCHHHHCCCCCCCCHHHHHHHHHHHHHHHHCCCCCCCCCHHHHHHHHHHHHCCCCCCCCCCHHHCCCCCCCCCCCCCCCHHHHCCCCCHHHHHHHHHHCCCCCCCCCCHHHHHCCHHHCCCCCCCCCCCC,273
1OIU,PGSMENFQKVEKIGEGTYGVVYKARNKLTGEVVALKKIRLTEGVPSTAIREISLLKELNHPNIVKLLDVIHTENKLYLVFEFLHQDLKKFMDASALTGIPLPLIKSYLFQLLQGLAFCHSHRVLHRDLKPQNLLINTEGAIKLADFGLARAFGVPVRTYXHEVVTLWYRAPEILLGCKYYSTAVDIWSLGCIFAEMVTRRALFPGDSEIDQLFRIFRTLGTPDEVVWPGVTSMPDYKPSFPKWARQDFSKVVPPLDEDGRSLLSQMLHYDPNKRISAKAALAHPFFQDVTKPVPHLRDYHEDIHTYLREMEVKCKPKVGYMKKQPDITNSMRAILVDWLVEVGEEYKLQNETLHLAVNYIDRFLSSMSVLRGKLQLVGTAAMLLASKFEEIYPPEVAEFVYITDDTYTKKQVLRMEHLVLKVLTFDLAAPTVNQFLTQYFLHQQPANCKVESLAMFLGELSLIDADPYLKYLPSVIAGAAFHLALYTVTGQSWPESLIRKTGYTLESLKPCLMDLHQTYLKAPQHAQQSIREKYKNSKYHGVSLLNPPETLNLSMENFQKVEKIGEGTYGVVYKARNKLTGEVVALKKIRLDTETEGVPSTAIREISLLKELNHPNIVKLLDVIHTENKLYLVFEFLHQDLKKFMDASALTGIPLPLIKSYLFQLLQGLAFCHSHRVLHRDLKPQNLLINTEGAIKLADFGLARAFGVPVRTYXHEVVTLWYRAPEILLGCKYYSTAVDIWSLGCIFAEMVTRRALFPGDSEIDQLFRIFRTLGVPPLDEDGRSLLSQMLHYDPNKRISAKAALAHPFFQDVTKPVPHLDYHEDIHTYLREMEVKCKPKVGYMKKQPDITNSMRAILVDWLVEVGEEYKLQNETLHLAVNYIDRFLSSMSVLRGKLQLVGTAAMLLASKFEEIYPPEVAEFVYITDDTYTKKQVLRMEHLVLKVLTFDLAAPTVNQFLTQYFLHQQPANCKVESLAMFLGELSLIDADPYLKYLPSVIAGAAFHLALYTVTGQSWPESLIRKTGYTLESLKPCLMDLHQTYLKAPQHAQQSIREKYKNSKYHGVSLLNPPETLNL,---GGGEEEEEEEE--SSSEEEEEEETTT--EEEEEEEE---SS-HHHHHHHHHHHH---TTBPPEEEEEE-SSEEEEEEE--SEEHHHHHHHTTTT---HHHHHHHHHHHHHHHHHHHHTTEE-----GGGEEE-TTS-EEE--GGG-EE--SS-----SS-S-GGG--HHHHTT-S---THHHHHHHHHHHHHHHHSS-S---SSHHHHHHHHHHHH----TTTSTTGGGSTT--TTS--PPPPPHHHHSTT--HHHHHHHHHHT-SSTTTSPPHHHHTTSGGGTT---PPPS----HHHHHHHHHHHHHHTPPPTTGGGG-SS--HHHHHHHHHHHHHHHHHTT--HHHHHHHHHHHHHHHTT----HHHHHHHHHHHHHHHHHHH-SSPPPHHHHHHHTTTSS-HHHHHHHHHHHHHHTTT------HHHHHHHHGGG-SS--HHHHHHHHHHHHHHHH-HHHHTTS-HHHHHHHHHHHHHHHHHS--S-HHHHHHH---HHHHHHHHHHHHHHHHHGGGSS--HHHHHTTSGGGTTGGGSPPPS------TTEEEEEEEE--SSSEEEEEEETTT--EEEEEEEE-BTTTTBS-HHHHHHHHHHHH---TTBPPEEEEEE-SSEEEEEEE--SEEHHHHHHHTTTT---HHHHHHHHHHHHHHHHHHHHTTEE-----GGGEEE-TTS-EEE--GGG-EE--SS-----SS-S-GGG--HHHHTT-S---THHHHHHHHHHHHHHHHSS-S---SSHHHHHHHHHHHH--TTS-HHHHHHHHHHT-SSTTTSPPHHHHTTSGGGTT---PPP----HHHHHHHHHHHHHHTPPPTTGGGG-SS--HHHHHHHHHHHHHHHHHTT--HHHHHHHHHHHHHHHHHS---GGGHHHHHHHHHHHHHHHH-SSPPPHHHHHHHTTTSS-HHHHHHHHHHHHHHTTT------HHHHHHHHHTT-SS--HHHHHHHHHHHHHHHH-HHHHTTS-HHHHHHHHHHHHHHHHH---S-HHHHHHH---TTTTHHHHHHHHHHHHHGGGSS--HHHHHTTSGGGTTGGGSPPPS----,CCCHHHEEEEEEEECCCCCEEEEEEECCCCCEEEEEEEECCCCCCHHHHHHHHHHHHCCCCCECCEEEEEECCCEEEEEEECCCEEHHHHHHHCCCCCCCHHHHHHHHHHHHHHHHHHHHCCEECCCCCHHHEEECCCCCEEECCHHHCEECCCCCCCCCCCCCCHHHCCHHHHCCCCCCCCHHHHHHHHHHHHHHHHCCCCCCCCCHHHHHHHHHHHHCCCCCCCCCCHHHCCCCCCCCCCCCCCCHHHHCCCCCHHHHHHHHHHCCCCCCCCCCHHHHCCCHHHCCCCCCCCCCCCCHHHHHHHHHHHHHHCCCCCCHHHHCCCCCHHHHHHHHHHHHHHHHHCCCCHHHHHHHHHHHHHHHCCCCCCHHHHHHHHHHHHHHHHHHHCCCCCCHHHHHHHCCCCCCHHHHHHHHHHHHHHCCCCCCCCCHHHHHHHHHHHCCCCCHHHHHHHHHHHHHHHHCHHHHCCCCHHHHHHHHHHHHHHHHHCCCCCHHHHHHHCCCHHHHHHHHHHHHHHHHHHHHCCCCHHHHHCCCHHHCCHHHCCCCCCCCCCCCCEEEEEEEECCCCCEEEEEEECCCCCEEEEEEEECECCCCECCHHHHHHHHHHHHCCCCCECCEEEEEECCCEEEEEEECCCEEHHHHHHHCCCCCCCHHHHHHHHHHHHHHHHHHHHCCEECCCCCHHHEEECCCCCEEECCHHHCEECCCCCCCCCCCCCCHHHCCHHHHCCCCCCCCHHHHHHHHHHHHHHHHCCCCCCCCCHHHHHHHHHHHHCCCCCCHHHHHHHHHHCCCCCCCCCCHHHHCCCHHHCCCCCCCCCCCCHHHHHHHHHHHHHHCCCCCCHHHHCCCCCHHHHHHHHHHHHHHHHHCCCCHHHHHHHHHHHHHHHHHCCCCHHHHHHHHHHHHHHHHHHHCCCCCCHHHHHHHCCCCCCHHHHHHHHHHHHHHCCCCCCCCCHHHHHHHHHCCCCCCCHHHHHHHHHHHHHHHHCHHHHCCCCHHHHHHHHHHHHHHHHHCCCCCHHHHHHHCCCCCCCHHHHHHHHHHHHHHHHCCCCHHHHHCCCHHHCCHHHCCCCCCCCC,1075
1OIY,SMENFQKVEKIGEGTYGVVYKARNKLTGEVVALKKIRLTEGVPSTAIREISLLKELNHPNIVKLLDVIHTENKLYLVFEFLHQDLKKFMDASALTGIPLPLIKSYLFQLLQGLAFCHSHRVLHRDLKPQNLLINTEGAIKLADFGLARAFGVPVRTYXHEVVTLWYRAPEILLGCKYYSTAVDIWSLGCIFAEMVTRRALFPGDSEIDQLFRIFRTLGTPDEVVWPGVTSMPDYKPSFPKWARQDFSKVVPPLDEDGRSLLSQMLHYDPNKRISAKAALAHPFFQDVTKPVPHLVPDYHEDIHTYLREMEVKCKPKVGYMKKQPDITNSMRAILVDWLVEVGEEYKLQNETLHLAVNYIDRFLSSMSVLRGKLQLVGTAAMLLASKFEEIYPPEVAEFVYITDDTYTKKQVLRMEHLVLKVLTFDLAAPTVNQFLTQYFLHQQPANCKVESLAMFLGELSLIDADPYLKYLPSVIAGAAFHLALYTVTGQSWPESLIRKTGYTLESLKPCLMDLHQTYLKAPQHAQQSIREKYKNSKYHGVSLLNPPETLNLSMENFQKVEKIGEGTYGVVYKARNKLTGEVVALKKIRLDTETEGVPSTAIREISLLKELNHPNIVKLLDVIHTENKLYLVFEFLHQDLKKFMDASALTGIPLPLIKSYLFQLLQGLAFCHSHRVLHRDLKPQNLLINTEGAIKLADFGLARAFGVPVRTYXHEVVTLWYRAPEILLGCKYYSTAVDIWSLGCIFAEMVTRRALFPGDSEIDQLFRIFRTLGTPDEVVWPGVTSMPDYKPSFPKWARQDFSKVVPPLDEDGRSLLSQMLHYDPNKRISAKAALAHPFFQDVTKPVPHLVPDYHEDIHTYLREMEVKCKPKVGYMKKQPDITNSMRAILVDWLVEVGEEYKLQNETLHLAVNYIDRFLSSMSVLRGKLQLVGTAAMLLASKFEEIYPPEVAEFVYITDDTYTKKQVLRMEHLVLKVLTFDLAAPTVNQFLTQYFLHQQPANCKVESLAMFLGELSLIDADPYLKYLPSVIAGAAFHLALYTVTGQSWPESLIRKTGYTLESLKPCLMDLHQTYLKAPQHAQQSIREKYKNSKYHGVSLLNPPETLNL,--TTEEEEEEEE--SSSEEEEEEETTT--EEEEEEEE---SS-HHHHHHHHHHHH---TTB--EEEEEE-SSEEEEEEE--SEEHHHHHHHTTTT---HHHHHHHHHHHHHHHHHHHHTTEE----SGGGEEE-TTS-EEE--GGG-EE--SS-----SS-S-GGG--HHHHTT-S---THHHHHHHHHHHHHHHHSS-S---SSHHHHHHHHHHHH----TTTSTTGGGSTT--TTS--PPPPPHHHHSTT--HHHHHHHHHHT-SSTTTSPPHHHHTTSGGGTT---PPP---TTTHHHHHHHHHHHHHHTPPPTTTTTT-SS--HHHHHHHHHHHHHHHHHTT--HHHHHHHHHHHHHHHTT----HHHHHHHHHHHHHHHHHHH-SSPPPHHHHHHTTTTSS-HHHHHHHHHHHHHHTTT------HHHHHHHHGGG-SS--HHHHHHHHHHHHHHHH-HHHHTTS-HHHHHHHHHHHHHHHHHS--S-HHHHHHH---HHHHHHHHHHHHHHHHHGGGSS--HHHHHTTSGGGTTGGGSPPPS------TTEEEEEEEE--SSSEEEEEEETTT--EEEEEEEE-BTTTTBS-HHHHHHHHHHHH---TTB--EEEEEE-SSEEEEEEE--SEESHHHHHHHTTT---HHHHHHHHHHHHHHHHHHHHTTEE-----GGGEEE-TTS-EEE---TT-EE--SS-----SS-S-GGG--HHHHTT-S---THHHHHHHHHHHHHHHHSS-SS--SSHHHHHHHHHHHH----TTTSTTGGGSTT--TT--------HHHHSTT--TTHHHHHHHHH-SSTTTSPPHHHHHS-GGGTT---------GGGHHHHHHHHHHHHHHS---TTGGGG-SS--HHHHHHHHHHHHHHHHHTT--HHHHHHHHHHHHHHHHH----GGGHHHHHHHHHHHHHHHH-SSPPPHHHHHHHTTTSS-HHHHHHHHHHHHHHTTT------HHHHHHHHTTS-SS--HHHHHHHHHHHHHHHH-HHHHTTS-HHHHHHHHHHHHHHHHHS--S-HHHHHHH---HHHHHHHHHHHHHHHHHGGGSS--TTTTTTTSTTTTTTTTSPPPS----,CCCCEEEEEEEECCCCCEEEEEEECCCCCEEEEEEEECCCCCCHHHHHHHHHHHHCCCCCECCEEEEEECCCEEEEEEECCCEEHHHHHHHCCCCCCCHHHHHHHHHHHHHHHHHHHHCCEECCCCCHHHEEECCCCCEEECCHHHCEECCCCCCCCCCCCCCHHHCCHHHHCCCCCCCCHHHHHHHHHHHHHHHHCCCCCCCCCHHHHHHHHHHHHCCCCCCCCCCHHHCCCCCCCCCCCCCCCHHHHCCCCCHHHHHHHHHHCCCCCCCCCCHHHHCCCHHHCCCCCCCCCCCCCCHHHHHHHHHHHHHHCCCCCCCCCCCCCCCHHHHHHHHHHHHHHHHHCCCCHHHHHHHHHHHHHHHCCCCCCHHHHHHHHHHHHHHHHHHHCCCCCCHHHHHHCCCCCCCHHHHHHHHHHHHHHCCCCCCCCCHHHHHHHHHHHCCCCCHHHHHHHHHHHHHHHHCHHHHCCCCHHHHHHHHHHHHHHHHHCCCCCHHHHHHHCCCHHHHHHHHHHHHHHHHHHHHCCCCHHHHHCCCHHHCCHHHCCCCCCCCCCCCCEEEEEEEECCCCCEEEEEEECCCCCEEEEEEEECECCCCECCHHHHHHHHHHHHCCCCCECCEEEEEECCCEEEEEEECCCEECHHHHHHHCCCCCCHHHHHHHHHHHHHHHHHHHHCCEECCCCCHHHEEECCCCCEEECCCCCCEECCCCCCCCCCCCCCHHHCCHHHHCCCCCCCCHHHHHHHHHHHHHHHHCCCCCCCCCHHHHHHHHHHHHCCCCCCCCCCHHHCCCCCCCCCCCCCCCHHHHCCCCCCCHHHHHHHHHCCCCCCCCCHHHHHCCHHHCCCCCCCCCCCHHHHHHHHHHHHHHHHHCCCCCCHHHHCCCCCHHHHHHHHHHHHHHHHHCCCCHHHHHHHHHHHHHHHHHCCCCHHHHHHHHHHHHHHHHHHHCCCCCCHHHHHHHCCCCCCHHHHHHHHHHHHHHCCCCCCCCCHHHHHHHHCCCCCCCCHHHHHHHHHHHHHHHHCHHHHCCCCHHHHHHHHHHHHHHHHHCCCCCHHHHHHHCCCHHHHHHHHHHHHHHHHHHHHCCCCCCCCCCCCCCCCCCCCCCCCCCCCC,1107
1OL7,QWALEDFEIGRPLGKGKFGNVYLAREKQSKFILALKVLFKAQLEKAGVEHQLRREVEIQSHLRHPNILRLYGYFHDATRVYLILEYAPLGTVYRELQKLSKFDEQRTATYITELANALSYCHSKRVIHRDIKPENLLLGSAGELKIADFGWSVHAPSSRRXXLCGTLDYLPPEMIEGRMHDEKVDLWSLGVLCYEFLVGKPPFEANTYQETYKRISRVEFTFPDFVTEGARDLISRLLKHNPSQRPMLREVLEHPWITANSSK,---GGGEEEEEEEEE-SS-EEEEEEETTT--EEEEEEEEHHHHHHHT-HHHHHHHHHHHHT---TTB--EEEEEE-SSEEEEEE---TT-BHHHHHHHHSS--HHHHHHHHHHHHHHHHHHHTTTEE----SGGGEEE-TTS-EEE---TT-EESSB---S---S-GGG--HHHHHT--B-TTHHHHHHHHHHHHHHHSS-TT--SSTTHHHHHHHHT-----TTS-HHHHHHHHHH--SSTTTSPPHHHHHH-HHHHHH---,CCCHHHEEEEEEEEECCCCEEEEEEECCCCCEEEEEEEEHHHHHHHCCHHHHHHHHHHHHCCCCCCECCEEEEEECCCEEEEEECCCCCCEHHHHHHHHCCCCHHHHHHHHHHHHHHHHHHHCCCEECCCCCHHHEEECCCCCEEECCCCCCEECCECCCCCCCCCHHHCCHHHHHCCCECCCHHHHHHHHHHHHHHHCCCCCCCCCCCHHHHHHHHCCCCCCCCCCHHHHHHHHHHCCCCCCCCCCHHHHHHCHHHHHHCCC,263
1PHK,FYENYEPKEILGRGVSSVVRRCIHKPTCKEYAVKIIDVTGGGSFSAEEVQELREATLKEVDILRKVSGHPNIIQLKDTYETNTFFFLVFDLMKKGELFDYLTEKVTLSEKETRKIMRALLEVICALHKLNIVHRDLKPENILLDDDMNIKLTDFGFSCQLDPGEKLREVCGTPSYLAPEIIECSMNDNHPGYGKEVDMWSTGVIMYTLLAGSPPFWHRKQMLMLRMIMSGNYQFGSPEWDDYSDTVKDLVSRFLVVQPQKRYTAEEALAHPFFQQYV,-TTTEEEEEEEEE-SSEEEEEEEETTTTEEEEEEEEETT-STT--HHHHHHHHHHHHHHHHHHHHHTT-TTBPPEEEEEE-SSEEEEEEE--TT-BHHHHHHHHSS--HHHHHHHHHHHHHHHHHHHHTTEE-S--SGGGEEE-TT--EEE---TT-EEPPTT--B----S-GGG--HHHHHHHH-TTS--B-THHHHHHHHHHHHHHHHSS-SS--SSHHHHHHHHHHT-----TTTGGGS-HHHHHHHHHH--SSGGGSPPHHHHTTSGGG-TT-,CCCCEEEEEEEEECCCEEEEEEEECCCCEEEEEEEEECCCCCCCCHHHHHHHHHHHHHHHHHHHHHCCCCCECCEEEEEECCCEEEEEEECCCCCEHHHHHHHHCCCCHHHHHHHHHHHHHHHHHHHHCCEECCCCCHHHEEECCCCCEEECCCCCCEECCCCCCECCCCCCHHHCCHHHHHHHHCCCCCCECCHHHHHHHHHHHHHHHHCCCCCCCCCHHHHHHHHHHCCCCCCCCCHHHCCHHHHHHHHHHCCCCHHHCCCHHHHCCCHHHCCCC,277
1PHP,MNKKTIRDVDVRGKRVFCRVDFNVPMEQGAITDDTRIRAALPTIRYLIEHGAKVILASHLGRPKGKVVEELRLDAVAKRLGELLERPVAKTNEAVGDEVKAAVDRLNEGDVLLLENVRFYPGEEKNDPELAKAFAELADLYVNDAFGAAHRAHASTEGIAHYLPAVAGFLMEKELEVLGKALSNPDRPFTAIIGGAKVKDKIGVIDNLLEKVDNLIIGGGLAYTFVKALGHDVGKSLLEEDKIELAKSFMEKAKEKGVRFYMPVDVVVADRFANDANTKVVPIDAIPADWSALDIGPKTRELYRDVIRESKLVVWNGPMGVFEMDAFAHGTKAIAEALAEALDTYSVIGGGDSAAAVEKFGLADKMDHISTGGGASLEFMEGKQLPGVVALEDK,--B-BGGGS--TT-EEEEE------EETTEES--HHHHHHHHHHHHHHHTT-EEEEE---S---SS--GGG-SHHHHHHHHHHHTS--EE-S-SSSHHHHHHHHT--TT-EEE---GGGSHHHHHT-HHHHHHHHTT-SEEEE--GGGTTS--TTTTGGGGTS-EEE-HHHHHHHHHHHHHHHS--SSEEEEE-SS-HHHHHHHHHHHTTT-SEEEE-TTHHHHHHHHTT---TTS---GGGHHHHHHHHHHHHHHT-EEE--SEEEEESSSSTTS-EEEEEGGG--TT-EEEEE-HHHHHHHHHHHHT-SEEEEES-SS-TTSGGG-HHHHHHHHHHHH-TT-EEEE-SHHHHHHHHHTT-GGGSSEE-S-THHHHHHHTT---HHHHTSPB-,CCECEHHHCCCCCCEEEEECCCCCCEECCEECCCHHHHHHHHHHHHHHHCCCEEEEECCCCCCCCCCCHHHCCHHHHHHHHHHHCCCCEECCCCCCHHHHHHHHCCCCCCEEECCCHHHCHHHHHCCHHHHHHHHCCCCEEEECCHHHCCCCCCCCCHHHHCCCEEECHHHHHHHHHHHHHHHCCCCCEEEEECCCCHHHHHHHHHHHCCCCCEEEECCCHHHHHHHHCCCCCCCCCCCHHHHHHHHHHHHHHHHHCCEEECCCEEEEECCCCCCCCEEEEEHHHCCCCCEEEEECHHHHHHHHHHHHCCCEEEEECCCCCCCCHHHCHHHHHHHHHHHHCCCCEEEECCHHHHHHHHHCCCHHHCCEECCCCHHHHHHHCCCCCHHHHCCCEC,394
1PKM,IQTQQLHAAMADTFLEHMCRLDIDSPPITARNTGIICTIGPASRSVEILKEMIKSGMNVARLNFSHGTHEYHAETIKNVRAATESFASDPIRYRPVAVALDTKGPEIRTGLIKGSGTAEVELKKGATLKITLDNAYMEKCDENVLWLDYKNICKVVEVGSKVYVDDGLISLLVKEKGADFLVTEVENGGSLGSKKGVNLPGAAVDLPAVSEKDIQDLKFGVEQDVDMVFASFIRKASDVHEVRKVLGEKGKNIKIISKIENHEGVRRFDEILEASDGIMVARGDLGIEIPAEKVFLAQKMMIGRCNRAGKPVICATQMLESMIKKPRPTRAEGSDVANAVLDGADCIMLSGETAKGDYPLEAVRMQHLIAREAEAAMFHRKLFEELVRGSSHSTDLMEAMAMGSVEASYKCLAAALIVLTESGRSAHQVARYRPRAPIIAVTRNHQTARQAHLYRGIFPVVCKDPVQEAWAEDVDLRVNLAMNVGKARGFFKHGDVVIVLTGWRPGSGFTNTMRVVPVP,--STTHHHHT-SSHHHHHHT--TTS---S---SEEEEE--TTT--HHHHHHHHHTTEEEEEEETTSS-HHHHHHHHHHHHHHHHTTTTSTTT----EEEEE---S-EEB--B---S-SS-EE-TT-EEEEE--TTSSSB--SSEEEBS-TTHHHH--TT-EEEETTTTEEEEEEEE-SSEEEEEESS-EE--TT-EEE-TT------SS-HHHHHHHHHHHHTT-SEEEES---SHHHHHHHHHHHTTTTTTSEEEEEE-SSHHHHTHHHHHHHSSEEEEEHHHHHHHS-TTTHHHHHHHHHHHHHHHT--EEEESSSSGGGGT-SS--HHHHHHHHHHHHHT-SEEEESHHHHT-S-HHHHHHHHHHHHHHHHHTS-HHHHHHHHHHHHTT---HHHHHHHHHHHHHHHHT-S-EEEE-SSSHHHHHHHHT--SS-EEEEES-HHHHHHGGGSTTEEEEE--SPPPSSHHHHHHHHHHHHHHHHHHTTS--TT-EEEEEE-SSTT-SS--EEEEEE--,CCCCCHHHHCCCCHHHHHHCCCCCCCCCCCCCCEEEEECCCCCCCHHHHHHHHHCCEEEEEEECCCCCHHHHHHHHHHHHHHHHCCCCCCCCCCCCEEEEECCCCCEEECCECCCCCCCCEECCCCEEEEECCCCCCCECCCCEEEECCCCHHHHCCCCCEEEECCCCEEEEEEEECCCEEEEEECCCEECCCCCEEECCCCCCCCCCCCHHHHHHHHHHHHCCCCEEEECCCCCHHHHHHHHHHHCCCCCCCEEEEEECCCHHHHCHHHHHHHCCEEEEEHHHHHHHCCCCCHHHHHHHHHHHHHHHCCCEEEECCCCHHHHCCCCCCHHHHHHHHHHHHHCCCEEEECHHHHCCCCHHHHHHHHHHHHHHHHHCCCHHHHHHHHHHHHCCCCCHHHHHHHHHHHHHHHHCCCCEEEECCCCHHHHHHHHCCCCCCEEEEECCHHHHHHHHHCCCEEEEECCCCCCCCHHHHHHHHHHHHHHHHHHCCCCCCCCEEEEEECCCCCCCCCCEEEEEECC,519
1QF9,MEKSKPNVVFVLGGPGSGKGTQCANIVRDFGWVHLSAGDLLRQEQQSGSKDGEMIATMIKNGEIVPSIVTVKLLKNAIDANQGKNFLVDGFPRNEENNNSWEENMKDFVDTKFVLFFDCPEEVMTQRLLKRGESSGRSDDNIESIKKRFNTFNVQTKLVIDHYNKFDKVKIIPANRDVNEVYNDVENLFKSMGF,-PPPPPEEEEEEESTTSSHHHHHHHHHHHH--EEEEHHHHHHHHHHTT-TTHHHHHHHHHTTPPP-HHHHHHHHHHHHHTSTT--EEEET---SHHHHHHHHHHHTTT-EEEEEEEEE--HHHHHHHHHHHHTTS--TT-SHHHHHHHHHHIIIIIHHHHHHHHHTT-EEEEE-SS-HHHHHHHHHHHHHHTT-,CCCCCCEEEEEEECCCCCHHHHHHHHHHHHCCEEEEHHHHHHHHHHCCCCCHHHHHHHHHCCCCCCHHHHHHHHHHHHHCCCCCCEEEECCCCCHHHHHHHHHHHCCCCEEEEEEEEECCHHHHHHHHHHHHCCCCCCCCCHHHHHHHHHHHHHHHHHHHHHHHHCCCEEEEECCCCHHHHHHHHHHHHHHCCC,194
1RGS,RKVIPKDYKTMAALAKAIEKNVLFSHLDDNERSDIFDAMFPVSFIAGETVIQQGDEGDNFYVIDQGEMDVYVNNEWATSVGEGGSFGELALIYGTPRAATVKAKTNVKLWGIDRDSYRRILMGSTLRKRKMYEEFLSKVSILESLDKWERLTVADALEPVQFEDGQKIVVQGEPGDEFFIILEGSAAVLQRRSENEEFVEVGRLGPSDYFGEIALLMNRPRAATVVARGPLKCVKLDRPRFERVLGPCSDILKRNIQQYNSFVS,-------SHHHHHHHHHHHH-GGGSS--HHHHHHHHHH-EEEEE-TT-EEE-TT----EEEEEEES-EEEESTTS--EEE-TT-EE-HHHHHH----SSEEEESS-EEEEEEEHHHIIIIIHHHHHHHHHHHHHHHHHSGGGGGS-HHHHHHHHHH-B--EE-SS-EEE-TTS---EEEEEEE--EEEEE--SSSS--EEEEEE-TT-EESHHHHHHS---SSEEEESSSEEEEEEEHHHHHHHT-TTHHHHHTTGGG---S--,CCCCCCCCHHHHHHHHHHHHCHHHCCCCHHHHHHHHHHCEEEEECCCCEEECCCCCCCEEEEEEECCEEEECCCCCCEEECCCCEECHHHHHHCCCCCCEEEECCCEEEEEEEHHHHHHHHHHHHHHHHHHHHHHHHHCHHHHHCCHHHHHHHHHHCECCEECCCCEEECCCCCCCEEEEEEECCEEEEECCCCCCCCEEEEEECCCCEECHHHHHHCCCCCCEEEECCCEEEEEEEHHHHHHHCCCCHHHHHCCHHHCCCCCC,264
1RL3,ASYVRKVIPKDYKTMAALAKAIEKNVLFSHLDDNERSDIFDAMFPVSFIAGETVIQQGDEGDNFYVIDQGEMDVYVNNEWATSVGEGGSFGELALIYGTPRAATVKAKTNVKLWGIDRDSYRRILMGSTLRKRKMYEEFLSKVSILESLDKWERLTVADALEPVQFEDGQKIVVQGEPGDEFFIILEGSAAVLQRRSENEEFVEVGRLGPSDYFGEIALLMNRPRAATVVARGPLKCVKLDRPRFERVLGPCSDILKRNIQQYNSFVSASYVRKVIPKDYKTMAALAKAIEKNVLFSHLDDNERSDIFDAMFPVSFIAGETVIQQGDEGDNFYVIDQGEMDVYVNNEWATSVGEGGSFGELALIYGTPRAATVKAKTNVKLWGIDRDSYRRILMGSTLRKRKMYEEFLSKVSILESLDKWERLTVADALEPVQFEDGQKIVVQGEPGDEFFIILEGSAAVLQRRSENEEFVEVGRLGPSDYFGEIALLMNRPRAATVVARGPLKCVKLDRPRFERVLGPCSDILKRN,-----------HHHHHHHHHHHHH-TTSTT--HHHHHHHHHH-EEEEE-TT-EEEEES----EEEEEEESBEEEEETTEE----BTT-EE-HHHHHH----EEEEEESS-EEEEEEEHHHIIIIIIHHHHHHHHTTHHHHHT-GGGGG--HHHHHHHHHH-EE----SSS----SS----EEEEEEE--EEEEEB-SSSS-B--S-EE-TT-EE-HHIIIII----EEE---S--EEEEEEHHHHHHHTSSSSSHHHHHHHHHHHT-------------SHHHHHHHHHHHH-GGGTT--TTHHHHHHHH-EEEEE-TT-EEE-SS----EEEEEEES-EEEESSSSB-----TT-EE-HHHHHH----SSEEEESS-EEEEEEEHHHIIIIIHHHHHHHHHHHHHHHHT-GGGTTS-HHHHHHHHHH-EEEEE-TT-BSS-TTS---EEEEEEES-EEEEE--STT---EEEEEE-TT-EE-TTHHHH--S-SSEEE-SS-EEEEEEEHHHHHHHTGGGHHHHH--,CCCCCCCCCCCHHHHHHHHHHHHHCCCCCCCCHHHHHHHHHHCEEEEECCCCEEEEECCCCCEEEEEEECEEEEEECCEECCCCECCCEECHHHHHHCCCCEEEEEECCCEEEEEEEHHHHHHHHHHHHHHHHHCCHHHHHCCHHHHHCCHHHHHHHHHHCEECCCCCCCCCCCCCCCCCEEEEEEECCEEEEEECCCCCCECCCCEECCCCEECHHHHHHHCCCCEEECCCCCCEEEEEEHHHHHHHCCCCCCHHHHHHHHHHHCCCCCCCCCCCCCCCHHHHHHHHHHHHCHHHCCCCCCHHHHHHHHCEEEEECCCCEEECCCCCCCEEEEEEECCEEEECCCCECCCCCCCCEECHHHHHHCCCCCCEEEECCCEEEEEEEHHHHHHHHHHHHHHHHHHHHHHHHCCHHHCCCCHHHHHHHHHHCEEEEECCCCECCCCCCCCCEEEEEEECCEEEEECCCCCCCCEEEEEECCCCEECCCHHHHCCCCCCEEECCCCEEEEEEEHHHHHHHCHHHHHHHHCC,527
1UN9,ASQFFFNQRTHLVSDVIDGAIIASPWNNLARLESDPAIRIVVRRDLNKNNVAVISGGGSGHEPAHVGFIGKGMLTAAVCGDVFASPSVDAVLTAIQAVTGEAGCLLIVKNYTGDRLNFGLAAEKARRLGYNVEMLIVGDDISLPDNKHPRGIAGTILVHKIAGYFAERGYNLATVLREAQYAASNTFSLGVALSSCHLPQETDAAPRHHPGHAELGMGIHGEPGASVIDTQNSAQVVNLMVDKLLAALPETGRLAVMINNLGGVSVAEMAIITRELASSPLHSRIDWLIGPASLVTALDMKGFSLTAIVLEESIEKALLTEVETSNWPTPVPPREITCVVSSHASARVEFQPSANALVAGIVELVTATLSDLETHLNALDAKVGDGDTGSTFAAAAREIASLLHRQQLPLNNLATLFALIGERLTVVMGGSSGVLMSIFFTAAGQKLEQGANVVEALNTGLAQMKFYGGADEGDRTMIDALQPALTSLLAQPKNLQAAFDAAQAGAERTCLSSKALGNMDPGAQALAMVFKALAESEASQFFFNQRTHLVSDVIDGAIIASPWNNLARLESDPAIRIVVRRDLNKNNVAVISGGGSGHEPAHVGFIGKGMLTAAVCGDVFASPSVDAVLTAIQAVTGEAGCLLIVKNYTGDRLNFGLAAEKARRLGYNVEMLIVGDDISLPDNKHPRGIAGTILVHKIAGYFAERGYNLATVLREAQYAASNTFSLGVALSSCHLPQETDAAPRHHPGHAELGMGIHGEPGASVIDTQNSAQVVNLMVDKLLAALPETGRLAVMINNLGGVSVAEMAIITRELASSPLHSRIDWLIGPASLVTALDMKGFSLTAIVLEESIEKALLTEVETSNWPTPVPPREITCVVSSHASARVEFQPSANALVAGIVELVTATLSDLETHLNALDAKVGDGDTGSTFAAAAREIASLLHRQQLPLNNLATLFALIGERLTVVMGGSSGVLMSIFFTAAGQKLEQGANVVEALNTGLAQMKFYGGADEGDRTMIDALQPALTSLLAQPKNLQAAFDAAQAGAERTCLSSKALGNMDPGAQALAMVFKALAESE,-----BS-GGGHHHHHHHHHHTT-TT--EEEEP--TT-EEEEESS--TTSPEEEEEEEESSTTTTGGGBSTTSBSEEEEEEETS---HHHHHHHHHHH--SS-EEEEEES-HHHHHHHHHHHHHHHTTT--EEEEEE--B-S-TTSSSPPP-TTHHHHHHHHHHHHHHT--HHHHHHHHHHHHTTEEEEEEEEE----SS--SSPPPB-TT-EEET--TT----S-EES--BHHHHHHHHHHHHHTTS-SS--EEEEEEE-S-S-HHHHHHHHHHHHTSTTGGGEEEEEEEE-SS--TT-EEEEEEEEE-TTHHHHHHHS----SS----B------EE-------------B--HHHHHHHHHHHHHHHHHHHHHHHHHHHHSSS-HHHHHHHHHHHHHHHHHTT-SBTT-HHHHHHHHHHHHHHHS-HHHHHHHHHHHHHHHHHHHTT--HHHHHHHHHHHHHHHH---TTSSSTHHHHHHHHHHHTTSTT-HHHHHHHHHHHHHHGGGS-----S--HHHHHHHHHHHHHHTT------BS-GGGHHHHHHHHHHTT-TT--EEEEP--TT-EEEEESS--TTSPEEEEEEEESSTTTTGGGBSTTSBSEEEEEEETS---HHHHHHHHHHH--SS-EEEEEES-HHHHHHHHHHHHHHHTTT--EEEEEE--B-S-TTSSSPPP-TTHHHHHHHHHHHHHHT--HHHHHHHHHHHHTTEEEEEEEEE----SS--SSPPPB-TT-EEET--TT----S-EES--BHHHHHHHHHHHHHTTS-SS--EEEEEEE-S-S-HHHHHHHHHHHHTSTTGGGEEEEEEEE-SS--TT-EEEEEEEEE-TTHHHHHHHS----SS----B------EE-------------B--HHHHHHHHHHHHHHHHHHHHHHHHHHHHSSS-HHHHHHHHHHHHHHHHHTT--BTT-HHHHHHHHHHHHHHHS-HHHHHHHHHHHHHHHHHHHTT--HHHHHHHHHHHHHHHH---TTSSSTHHHHHHHHHHHTTSTT-HHHHHHHHHHHHHHGGGS-----S--HHHHHHHHHHHHHHTT-,CCCCCECCHHHHHHHHHHHHHCCCCCCCEEEECCCCCCEEEEECCCCCCCCEEEEEEEECCCCCCHHHECCCCECEEEEEEECCCCCHHHHHHHHHHHCCCCCEEEEEECCHHHHHHHHHHHHHHHCCCCCEEEEEECCECCCCCCCCCCCCCCHHHHHHHHHHHHHHCCCHHHHHHHHHHHHCCEEEEEEEEECCCCCCCCCCCCCECCCCEEECCCCCCCCCCCEECCCEHHHHHHHHHHHHHCCCCCCCCEEEEEEECCCCCHHHHHHHHHHHHCCCCHHHEEEEEEEECCCCCCCCEEEEEEEEECCCHHHHHHHCCCCCCCCCCCECCCCCCEECCCCCCCCCCCCCECCHHHHHHHHHHHHHHHHHHHHHHHHHHHHCCCCHHHHHHHHHHHHHHHHHCCCCECCCHHHHHHHHHHHHHHHCCHHHHHHHHHHHHHHHHHHHCCCCHHHHHHHHHHHHHHHHCCCCCCCCCHHHHHHHHHHHCCCCCCHHHHHHHHHHHHHHHHHCCCCCCCCCHHHHHHHHHHHHHHCCCCCCCCECCHHHHHHHHHHHHHCCCCCCCEEEECCCCCCEEEEECCCCCCCCEEEEEEEECCCCCCHHHECCCCECEEEEEEECCCCCHHHHHHHHHHHCCCCCEEEEEECCHHHHHHHHHHHHHHHCCCCCEEEEEECCECCCCCCCCCCCCCCHHHHHHHHHHHHHHCCCHHHHHHHHHHHHCCEEEEEEEEECCCCCCCCCCCCCECCCCEEECCCCCCCCCCCEECCCEHHHHHHHHHHHHHCCCCCCCCEEEEEEECCCCCHHHHHHHHHHHHCCCCHHHEEEEEEEECCCCCCCCEEEEEEEEECCCHHHHHHHCCCCCCCCCCCECCCCCCEECCCCCCCCCCCCCECCHHHHHHHHHHHHHHHHHHHHHHHHHHHHCCCCHHHHHHHHHHHHHHHHHCCCCECCCHHHHHHHHHHHHHHHCCHHHHHHHHHHHHHHHHHHHCCCCHHHHHHHHHHHHHHHHCCCCCCCCCHHHHHHHHHHHCCCCCCHHHHHHHHHHHHHHHHHCCCCCCCCCHHHHHHHHHHHHHHCCC,1074
3TMK,MMGRGKLILIEGLDRTGKTTQCNILYKKLQPNCKLLKFPERSTRIGGLINEYLTDDSFQLSDQAIHLLFSANRWEIVDKIKKDLLEGKNIVMDRYVYSGVAYSAAKGTNGMDLDWCLQPDVGLLKPDLTLFLSTQDVDNNAEKSGFGDERYETVKFQEKVKQTFMKLLDKEIRKGDESITIVDVTNKGIQEVEALIWQIVEPVLSTHIDHDKFSFFMMGRGKLILIEGLDRTGKTTQCNILYKKLQPNCKLLKFPERSTRIGGLINEYLTDDSFQLSDQAIHLLFSANRWEIVDKIKKDLLEGKNIVMDRYVYSGVAYSAAKGTNGMDLDWCLQPDVGLLKPDLTLFLSTQDVDNNAEKSGFGDERYETVKFQEKVKQTFMKLLDKEIRKGDESITIVDVTNKGIQEVEALIWQIVEPVLSTHIDHDKFSFFMMGRGKLILIEGLDRTGKTTQCNILYKKLQPNCKLLKFPERSTRIGGLINEYLTDDSFQLSDQAIHLLFSANRWEIVDKIKKDLLEGKNIVMDRYVYSGVAYSAAKGTNGMDLDWCLQPDVGLLKPDLTLFLSTQDDERYETVKFQEKVKQTFMKLLDKEIRKGDESITIVDVTNKGIQEVEALIWQIVEPVLSTHIDHDKFSFFGRGKLILIEGLDRTGKTTQCNILYKKLQPNCKLLKFPERSTRIGGLINEYLTDDSFQLSDQAIHLLFSANRWEIVDKIKKDLLEGKNIVMDRYVYSGVAYSAAKGTNGMDLDWCLQPDVGLLKPDLTLFLSTQDVDNNAEKSGFGDERYETVKFQEKVKQTFMKLLDKEIRKGDESITIVDVTNKGIQEVEALIWQIVEPVLSTHIDHDKFSFFMGRGKLILIEGLDRTGKTTQCNILYKKLQPNCKLLKFPERSTRIGGLINEYLTDDSFQLSDQAIHLLFSANRWEIVDKIKKDLLEGKNIVMDRYVYSGVAYSAAKGTNGMDLDWCLQPDVGLLKPDLTLFLSTQDVDNNAEKSGFGDERYETVKFQEKVKQTFMKLLDKEIRKGDESITIVDVTNKGIQEVEALIWQIVEPVLSTHIDHDKFSFFMMGRGKLILIEGLDRTGKTTQCNILYKKLQPNCKLLKFPERSTRIGGLINEYLTDDSFQLSDQAIHLLFSANRWEIVDKIKKDLLEGKNIVMDRYVYSGVAYSAAKGTNGMDLDWCLQPDVGLLKPDLTLFLSTQDVDNNAEKSGFGDERYETVKFQEKVKQTFMKLLDKEIRKGDESITIVDVTNKGIQEVEALIWQIVEPVLSTHIDHDKFSFFMGRGKLILIEGLDRTGKTTQCNILYKKLQPNCKLLKFPERSTRIGGLINEYLTDDSFQLSDQAIHLLFSANRWEIVDKIKKDLLEGKNIVMDRYVYSGVAYSAAKGTNGMDLDWCLQPDVGLLKPDLTLFLSTQDVDNNAEKSGFGDERYETVKFQEKVKQTFMKLLDKEIRKGDESITIVDVTNKGIQEVEALIWQIVEPVLSTHIDHDKFSFFGRGKLILIEGLDRTGKTTQCNILYKKLQPNCKLLKFPERSTRIGGLINEYLTDDSFQLSDQAIHLLFSANRWEIVDKIKKDLLEGKNIVMDRYVYSGVAYSAAKGTNGMDLDWCLQPDVGLLKPDLTLFLSTQDVDNNAEKSGFGDERYETVKFQEKVKQTFMKLLDKEIRKGDESITIVDVTNKGIQEVEALIWQIVEPVLSTHIDHDKFSFF,------EEEEEE-SSSSHHHHHHHHHHHH-SSEEEEESS-TTSHHHHHHHHHHH-TTS---HHHHHHHHHHHHHTTHHHHHHHHHTT-EEEEES-HHHHHHHHHTT--TT--HHHHHGGGTTSBPPSEEEEEE-S--S-GGG--SSS--TT--HHHHHHHHHHHHHHHHHHHHTT--SEEEEE-TT--HHHHHHHHHHHHHHHHHS---TT---B-------EEEEEESSSSSHHHHHHHHHHHH-SSEEEEESS-TTSHHHHHHHHHHH-TT----HHHHHHHHHHHHHTTHHHHHHHHHTT-EEEEES-HHHHHHHHHHT--TT--HHHHHGGGTTSBPPSEEEEEE-S-HHHHTTSTTTTSSTT--HHHHHHHHHHHHHHHHHHHHHT-TTEEEEE-TT--HHHHHHHHHHHHHHHHH---GGG---B-------EEEEEESSSSSHHHHHHHHHHHH-SSEEEEESS-TTSHHHHHHHHHHH-TTS---HHHHHHHHHHHHHTTHHHHHHHHHTT-EEEEE--HHHHHHHHHTT--TT--HHHHHGGGTTSBPPSEEEEEE-----SS--HHHHHHHHHHHHHHHHHHHHTT---EEEEE-TT--HHHHHHHHHHHHHHHHHS---TT---B-----EEEEEESSSSSHHHHHHHHHHHH-SSEEEEESS-TTSHHHHHHHHHHH-TT----HHHHHHHHHHHHHTTHHHHHHHHHTT-EEEEES-HHHHHHHHHTT--TT--HHHHHGGGTTSBPPSEEEEEE-S-HHHHTTSTTTTSSTT--HHHHHHHHHHHHHHHHHHHHTT-TTEEEEE-TT--HHHHHHHHHHHHHHHHHS---TT---B--B---EEEEEE-SSSSHHHHHHHHHHHH-SSEEEEESS-TTSHHHHHHHHHHH-TTS---HHHHHHHHHHHHHTTHHHHHHHHHTT-EEEEE--HHHHHHHHHTT--TT--HHHHHGGGTTSBPPSEEEEEE-SSTT-GGG---SS--TT--HHHHHHHHHHHHHHHHHHHHTT--SEEEEE-TT--HHHHHHHHHHHHHHHHHS--BTT---B---B---EEEEEESSSSSHHHHHHHHHHHH-SSEEEEESS-TTSHHHHHHHHHHH-TT----HHHHHHHHHHHHHTTHHHHHHHHHHT-EEEEES-HHHHHHHHHTT--TT--HHHHHGGGTTSBPPSEEEEEE-S-HHHHTTSTTTTSSTT--HHHHHHHHHHHHHHHHHHHHHT--SEEEEE-TT--HHHHHHHHHHHHHHHHHS--BTT---B--B---EEEEEESSSS-HHHHHHHHHHHH-SSEEEEESS-TTSHHHHHHHHHHH-TTS---HHHHHHHHHHHHHTTHHHHHHHHHTT-EEEEES-HHHHHHHHHTT--TT--HHHHHGGGTTSBPPSEEEEEE-SSTT-SSS---SS--TT--HHHHHHHHHHHHHHHHHHHHTT--SEEEEE-TT--HHHHHHHHHHHHHHHHHS--BTT---B-----EEEEEESSSSSHHHHHHHHHHHH-SSEEEEESS-TTSHHHHHHHHHHH-TT----HHHHHHHHHHHHHTTHHHHHHHHHTT-EEEEES-HHHHHHHHHTT--TT--HHHHHGGGTTSBPPSEEEEEE-S-HHHHTTSSSTTSSTT--HHHHHHHHHHHHHHHHHHHHHT-TTEEEEE-TT--HHHHHHHHHHHHHHHHHS---TT---B-,CCCCCCEEEEEECCCCCHHHHHHHHHHHHCCCEEEEECCCCCCHHHHHHHHHHHCCCCCCCHHHHHHHHHHHHHCCHHHHHHHHHCCCEEEEECCHHHHHHHHHCCCCCCCCHHHHHHHHCCCECCCEEEEEECCCCCCHHHCCCCCCCCCCCHHHHHHHHHHHHHHHHHHHHCCCCCEEEEECCCCCHHHHHHHHHHHHHHHHHCCCCCCCCCECCCCCCCEEEEEECCCCCHHHHHHHHHHHHCCCEEEEECCCCCCHHHHHHHHHHHCCCCCCCHHHHHHHHHHHHHCCHHHHHHHHHCCCEEEEECCHHHHHHHHHHCCCCCCCHHHHHHHHCCCECCCEEEEEECCCHHHHCCCCCCCCCCCCCHHHHHHHHHHHHHHHHHHHHHCCCCEEEEECCCCCHHHHHHHHHHHHHHHHHCCCHHHCCCECCCCCCCEEEEEECCCCCHHHHHHHHHHHHCCCEEEEECCCCCCHHHHHHHHHHHCCCCCCCHHHHHHHHHHHHHCCHHHHHHHHHCCCEEEEECCHHHHHHHHHCCCCCCCCHHHHHHHHCCCECCCEEEEEECCCCCCCCCHHHHHHHHHHHHHHHHHHHHCCCCCEEEEECCCCCHHHHHHHHHHHHHHHHHCCCCCCCCCECCCCCEEEEEECCCCCHHHHHHHHHHHHCCCEEEEECCCCCCHHHHHHHHHHHCCCCCCCHHHHHHHHHHHHHCCHHHHHHHHHCCCEEEEECCHHHHHHHHHCCCCCCCCHHHHHHHHCCCECCCEEEEEECCCHHHHCCCCCCCCCCCCCHHHHHHHHHHHHHHHHHHHHCCCCCEEEEECCCCCHHHHHHHHHHHHHHHHHCCCCCCCCCECCECCCEEEEEECCCCCHHHHHHHHHHHHCCCEEEEECCCCCCHHHHHHHHHHHCCCCCCCHHHHHHHHHHHHHCCHHHHHHHHHCCCEEEEECCHHHHHHHHHCCCCCCCCHHHHHHHHCCCECCCEEEEEECCCCCCHHHCCCCCCCCCCCHHHHHHHHHHHHHHHHHHHHCCCCCEEEEECCCCCHHHHHHHHHHHHHHHHHCCCECCCCCECCCECCCEEEEEECCCCCHHHHHHHHHHHHCCCEEEEECCCCCCHHHHHHHHHHHCCCCCCCHHHHHHHHHHHHHCCHHHHHHHHHHCCEEEEECCHHHHHHHHHCCCCCCCCHHHHHHHHCCCECCCEEEEEECCCHHHHCCCCCCCCCCCCCHHHHHHHHHHHHHHHHHHHHHCCCCEEEEECCCCCHHHHHHHHHHHHHHHHHCCCECCCCCECCECCCEEEEEECCCCCHHHHHHHHHHHHCCCEEEEECCCCCCHHHHHHHHHHHCCCCCCCHHHHHHHHHHHHHCCHHHHHHHHHCCCEEEEECCHHHHHHHHHCCCCCCCCHHHHHHHHCCCECCCEEEEEECCCCCCCCCCCCCCCCCCCCHHHHHHHHHHHHHHHHHHHHCCCCCEEEEECCCCCHHHHHHHHHHHHHHHHHCCCECCCCCECCCCCEEEEEECCCCCHHHHHHHHHHHHCCCEEEEECCCCCCHHHHHHHHHHHCCCCCCCHHHHHHHHHHHHHCCHHHHHHHHHCCCEEEEECCHHHHHHHHHCCCCCCCCHHHHHHHHCCCECCCEEEEEECCCHHHHCCCCCCCCCCCCCHHHHHHHHHHHHHHHHHHHHHCCCCEEEEECCCCCHHHHHHHHHHHHHHHHHCCCCCCCCCEC,1711
4ZSG,VTFDVGDEYEIIETIGNGAYGVVSSARRRLTGQQVAIKKIPNAFDVVTNAKRTLRELKILKHFKHDNIIAIKDILRPTVPYGEFKSVYVVLDLMESDLHQIIHSSQPLTLEHVRYFLYQLLRGLKYMHSAQVIHRDLKPSNLLVNENCELKIGDFGMARGLCTSPAEHQYFMTEYVATRWYRAPELMLSLHEYTQAIDLWSVGCIFGEMLARRQLFPGKNYVHQLQLIMMVLGTPSPAVIQAVGAERVRAYIQSLPPRQPVPWETVYPGADRQALSLLGRMLRFEPSARISAAAALRHPFLAKYHDPDDEPDCAPPFDFAFDREALTRERIKEAIVAEIEDFHARRE,---STTSSEEEEEEE--TTTSSEEEEEETTT--EEEEEEETTTTSSHHHHHHHHHHHHHHHH---TTB--EEEEPPP-S-GGG---EEEEE----EEHHHHHTSSS---HHHHHHHHHHHHHHHHHHHHTT-B-----GGGEEE-TT--EEE---TT-B-SS--TTSGGGT-GGGSS-GGG--HHHHHT-S--STHHHHHHHHHHHHHHHHTS-S---SSHHHHHHHHHHHH-SPPHHHHHT---HHHHHHHTTSPP-PPPPHHHHSTT--HHHHHHHHHH--SSGGGSPPHHHHHTSGGGTTT--GGGS---SSPP--HHHHS---HHHHHHHHHHHHHHHHHHH-,CCCCCCCCEEEEEEECCCCCCCEEEEEECCCCCEEEEEEECCCCCCHHHHHHHHHHHHHHHHCCCCCECCEEEECCCCCCHHHCCCEEEEECCCCEEHHHHHCCCCCCCHHHHHHHHHHHHHHHHHHHHCCCECCCCCHHHEEECCCCCEEECCCCCCECCCCCCCCHHHCCHHHCCCHHHCCHHHHHCCCCCCCHHHHHHHHHHHHHHHHCCCCCCCCCHHHHHHHHHHHHCCCCHHHHHCCCCHHHHHHHCCCCCCCCCCHHHHCCCCCHHHHHHHHHHCCCCHHHCCCHHHHHCCHHHCCCCCHHHCCCCCCCCCCHHHHCCCCHHHHHHHHHHHHHHHHHHHC,347
5OAT,PITLNDLSLGKPIAKGTNGVVYSAKVKYPFALKMMFNYDIQENXMEILKAMYRETVPARMYYSNHDLNNWEIELANRRKHLPPHPNIVAIFSVFTDLYPAANMSLFLLMKRYDCNLQSFLSTAPSTRTSLLLLAQLLEGVAHMTAHGIAHRDLKSDNLLLDTSEPESPILVISDFGCCLADKTNGLSLPYTSYEMDKGGNTALMAPEIICQKPGTFSVLNYSKADLWAVGAIAYEIFNCHNPFYGPSRLKNFNYKEGDLPKLPDEVPTVIQALVANLLKRNPNKRLDPEVAANVCQLFLWAPSTWLKPGKVPTSGEILQWLLSLTTKVLTYPEYLLISSFLCRAKLANVRNALHWIQENLPITLNDLSLGKPIAKGTNGVVYSAKVKYPFALKMMFNYDIQENXMEILKAMYRETVPARMYYSNHDLNNWEIELANRRKHLPPHPNIVAIFSVFTDLYPAANMSLFLLMKRYDCNLQSFLSTAPSTRTSLLLLAQLLEGVAHMTAHGIAHRDLKSDNLLLDTSEPESPILVISDFGCCLADKTNGLSLPYTSYEMDKGGNTALMAPEIICQKPGTFSVLNYSKADLWAVGAIAYEIFNCHNPFYGPSRLKNFNYKEGDLPKLPDEVPTVIQALVANLLKRNPNKRLDPEVAANVCQLFLWAPSTWLKPGKVPTSGEILQWLLSLTTKVLTYPEYLLISSFLCRAKLANVRNALHWIQENLPITLNDLSLGKPIAKGTNGVVYSAKVKYPFALKMMFNYDIQENXMEILKAMYRETVPARMYYSNHDLNNWEIELANRRKHLPPHPNIVAIFSVFTDLYPAANMSLFLLMKRYDCNLQSFLSTAPSTRTSLLLLAQLLEGVAHMTAHGIAHRDLKSDNLLLDTSEPESPILVISDFGCCLADKTNGLSLPYTSYEMDKGGNTALMAPEIICQKPGTFSVLNYSKADLWAVGAIAYEIFNCHNPFYGPSRLKNFNYKEGDLPKLPDEVPTVIQALVANLLKRNPNKRLDPEVAANVCQLFLWAPSTWLKPGKVPTSGEILQWLLSLTTKVLTYPEYLLISSFLCRAKLANVRNALHWIQENLPITLNDLSLGKPIAKGTNGVVYSAKVKYPFALKMMFNYDIQENXMEILKAMYRETVPARMYYSNHDLNNWEIELANRRKHLPPHPNIVAIFSVFTDLYPAANMSLFLLMKRYDCNLQSFLSTAPSTRTSLLLLAQLLEGVAHMTAHGIAHRDLKSDNLLLDTSEPESPILVISDFGCCLADKTNGLSLPYTSYEMDKGGNTALMAPEIICQKPGTFSVLNYSKADLWAVGAIAYEIFNCHNPFYGPSRLKNFNYKEGDLPKLPDEVPTVIQALVANLLKRNPNKRLDPEVAANVCQLFLWAPSTWLKPGKVPTSGEILQWLLSLTTKVLTYPEYLLISSFLCRAKLANVRNALHWIQENLPITLNDLSLGKPIAKGTNGVVYSAKVKYPFALKMMFNYDIQENXMEILKAMYRETVPARMYYSNHDLNNWEIELANRRKHLPPHPNIVAIFSVFTDLYPAANMSLFLLMKRYDCNLQSFLSTAPSTRTSLLLLAQLLEGVAHMTAHGIAHRDLKSDNLLLDTSEPESPILVISDFGCCLADKTNGLSLPYTSYEMDKGGNTALMAPEIICQKPGTFSVLNYSKADLWAVGAIAYEIFNCHNPFYGPSRLKNFNYKEGDLPKLPDEVPTVIQALVANLLKRNPNKRLDPEVAANVCQLFLWAPSTWLKPGKVPTSGEILQWLLSLTTKVLTYPEYLLISSFLCRAKLANVRNALHWIQENLPITLNDLSLGKPIAKGTNGVVYSAKVKYPFALKMMFNYDIQENXMEILKAMYRETVPARMYYSNHDLNNWEIELANRRKHLPPHPNIVAIFSVFTDLYPAANMSLFLLMKRYDCNLQSFLSTAPSTRTSLLLLAQLLEGVAHMTAHGIAHRDLKSDNLLLDTSEPESPILVISDFGCCLADKTNGLSLPYTSYEMDKGGNTALMAPEIICQKPGTFSVLNYSKADLWAVGAIAYEIFNCHNPFYGPSRLKNFNYKEGDLPKLPDEVPTVIQALVANLLKRNPNKRLDPEVAANVCQLFLWAPSTWLKPGKVPTSGEILQWLLSLTTKVLTYPEYLLISSFLCRAKLANVRNALHWIQENL,---GGGEEEEEEEEEETTEEEEEEEE---EEEEEES--STTTS-HHHHHHHHHTTTT-SEEE-SSPPPHHHHHHHHHB------TTB--EEEEEEE-S-----EEEEEEE--SEEHHHHTTS---HHHHHHHHHHHHHHHHHHHHTT-B-S---GGGEEEE-SSTTS-EEEE--GGG-B-BTTTBTEEE---SSS--S--STT--HHHHS---SSS-EEE-TTHHHHHHHHHHHHHTTSPPTTSSSS---TTT--GGGSPPPPTTS-HHHHHHHHHHT-SSTTTSPPHHHHHHHHHHHHHS-GGGTS-S----HHHHHHHHHHHHHHT--HHHHHHHHHHHHH--HHHHHHHHHHHHT-----GGGEEEEEEEEE-SSEEEEEEEE---EEEEEEE--STTTS-HHHHHHHHHTTTT-SEEEESSPPPHHHHHHHHTB------TTB--EEEEEEE-S-----EEEEEEE--SEEHHHHTTSPPPHHHHHHHHHHHHHHHHHHHHTT-B-S---GGGEEEE-SSTTS-EEEE--GGG-B-BTTTTTEEE---SSS--S--STT--HHHHSPPPSSS-EEE-TTHHHHHHHHHHHHHTTS--TTSSSS---TTT--GGGSPPP-TTS-HHHHHHHHHHT-SSTTTSPPHHHHHHHHHHHHHS-GGGTS-S----HHHHHHHHHHHHHHT--HHHHHHHHHHHHH--HHHHHHHHHHHHT-----GGGEEEEEEEEE-SSEEEEEEEE---EEEEEES--STTTS-HHHHHHHHHTTTTEEEEEESSPPPHHHHHHHHHB------TTB--EEEEEEE-S-----EEEEEEE--SEEHHHHTSS---HHHHHHHHHHHHHHHHHHHHTT-B-S---GGGEEEE-SSTTS-EEEE---TT-B-BTTTBTEEE---SSS--S--STT--HHHHSPPPSSS-EEE-TTHHHHHHHHHHHHHTTS--TTSSSS---TTT--GGGSPPPPTTS-HHHHHHHHHHT-SSTTTSPPHHHHHHHHHHHHHS-GGGTS-S----HHHHHHHHHHHHHHT--HHHHHHHHHHHHH--HHHHHHHHHHHHT-----GGGEEEEEEEEE-SSEEEEEEEE---EEEEEES--STTTS-HHHHHHHHHTTTT-SEEEESSPPPHHHHHHHHTBPP----TTB--EEEEEEE-S-----EEEEEEE--SEEHHHHTTSPPPHHHHHHHHHHHHHHHHHHHHTT-B-S---GGGEEEE-SSTTS-EEEE--GGG-B-BTTTBTEEE---SSS--S--STTS-HHHHSPPPSSS-EEE-TTHHHHHHHHHHHHHTTS--TTSSSS---TTT--GGGSPPP-TTS-HHHHHHHHHHT-SSTTTSPPHHHHHHHHHHHHHS-GGGTS-S----HHHHHHHHHHHHHHT--HHHHHHHHHHHHH--HHHHHHHHHHHHT-----GGGEEEEEEEEE-SSEEEEEEEE---EEEEEES--STTTS-HHHHHHHHHTTTTEEEEE-SSPPPHHHHHHHHTB------TTB--EEEEEEE-S-----EEEEEEE--SEEHHHHTSS---HHHHHHHHHHHHHHHHHHHHTT-B-S---GGGEEEE-SSTTS-EEEE---TT-B-BTTTTTEEE---SSS--S--STTS-HHHHSPPPSSS-EEE-TTHHHHHHHHHHHHHTTSPPTTSSSS---TTT--GGGS----TTS-HHHHHHHHHHT-SSTTTSPPHHHHHHHHHHHHHS-HHHHS-S----HHHHHHHHHHHHHHT--HHHHHHHHHHHHH--HHHHHHHHHHHHT-----GGGEEEEEEEEE-SSEEEEEEEE---EEEEEEE--STTTS-HHHHHHHHHTTTT-SEEEESSPPPHHHHHHHHTB------TTB--EEEEEEE-S-----EEEEEEE--SEEHHHHTTSPPPHHHHHHHHHHHHHHHHHHHHTT-B-S---GGGEEEE-SSTTS-EEEE---TT-B-BTTTTTEEE---SSS--S--STT--HHHHTPPPSSS-EEE-TTHHHHHHHHHHHHHTTS--TTSSSS---TTT--GGGS----TTS-HHHHHHHHHHT-SSTTTSPPHHHHHHHHHHHHHS-HHHHS-S----HHHHHHHHHHHHHHT--HHHHHHHHHHHHH--HHHHHHHHHHHHT--,CCCHHHEEEEEEEEEECCEEEEEEEECCCEEEEEECCCCCCCCCHHHHHHHHHCCCCCCEEECCCCCCHHHHHHHHHECCCCCCCCECCEEEEEEECCCCCCCEEEEEEECCCEEHHHHCCCCCCHHHHHHHHHHHHHHHHHHHHCCCECCCCCHHHEEEECCCCCCCEEEECCHHHCECECCCECEEECCCCCCCCCCCCCCCCHHHHCCCCCCCCEEECCCHHHHHHHHHHHHHCCCCCCCCCCCCCCCCCCCHHHCCCCCCCCCHHHHHHHHHHCCCCCCCCCCHHHHHHHHHHHHHCCHHHCCCCCCCCHHHHHHHHHHHHHHCCCHHHHHHHHHHHHHCCHHHHHHHHHHHHCCCCCCHHHEEEEEEEEECCCEEEEEEEECCCEEEEEEECCCCCCCCHHHHHHHHHCCCCCCEEEECCCCCHHHHHHHHCECCCCCCCCECCEEEEEEECCCCCCCEEEEEEECCCEEHHHHCCCCCCHHHHHHHHHHHHHHHHHHHHCCCECCCCCHHHEEEECCCCCCCEEEECCHHHCECECCCCCEEECCCCCCCCCCCCCCCCHHHHCCCCCCCCEEECCCHHHHHHHHHHHHHCCCCCCCCCCCCCCCCCCCHHHCCCCCCCCCHHHHHHHHHHCCCCCCCCCCHHHHHHHHHHHHHCCHHHCCCCCCCCHHHHHHHHHHHHHHCCCHHHHHHHHHHHHHCCHHHHHHHHHHHHCCCCCCHHHEEEEEEEEECCCEEEEEEEECCCEEEEEECCCCCCCCCHHHHHHHHHCCCCEEEEEECCCCCHHHHHHHHHECCCCCCCCECCEEEEEEECCCCCCCEEEEEEECCCEEHHHHCCCCCCHHHHHHHHHHHHHHHHHHHHCCCECCCCCHHHEEEECCCCCCCEEEECCCCCCECECCCECEEECCCCCCCCCCCCCCCCHHHHCCCCCCCCEEECCCHHHHHHHHHHHHHCCCCCCCCCCCCCCCCCCCHHHCCCCCCCCCHHHHHHHHHHCCCCCCCCCCHHHHHHHHHHHHHCCHHHCCCCCCCCHHHHHHHHHHHHHHCCCHHHHHHHHHHHHHCCHHHHHHHHHHHHCCCCCCHHHEEEEEEEEECCCEEEEEEEECCCEEEEEECCCCCCCCCHHHHHHHHHCCCCCCEEEECCCCCHHHHHHHHCECCCCCCCCECCEEEEEEECCCCCCCEEEEEEECCCEEHHHHCCCCCCHHHHHHHHHHHHHHHHHHHHCCCECCCCCHHHEEEECCCCCCCEEEECCHHHCECECCCECEEECCCCCCCCCCCCCCCCHHHHCCCCCCCCEEECCCHHHHHHHHHHHHHCCCCCCCCCCCCCCCCCCCHHHCCCCCCCCCHHHHHHHHHHCCCCCCCCCCHHHHHHHHHHHHHCCHHHCCCCCCCCHHHHHHHHHHHHHHCCCHHHHHHHHHHHHHCCHHHHHHHHHHHHCCCCCCHHHEEEEEEEEECCCEEEEEEEECCCEEEEEECCCCCCCCCHHHHHHHHHCCCCEEEEECCCCCCHHHHHHHHCECCCCCCCCECCEEEEEEECCCCCCCEEEEEEECCCEEHHHHCCCCCCHHHHHHHHHHHHHHHHHHHHCCCECCCCCHHHEEEECCCCCCCEEEECCCCCCECECCCCCEEECCCCCCCCCCCCCCCCHHHHCCCCCCCCEEECCCHHHHHHHHHHHHHCCCCCCCCCCCCCCCCCCCHHHCCCCCCCCCHHHHHHHHHHCCCCCCCCCCHHHHHHHHHHHHHCCHHHHCCCCCCCHHHHHHHHHHHHHHCCCHHHHHHHHHHHHHCCHHHHHHHHHHHHCCCCCCHHHEEEEEEEEECCCEEEEEEEECCCEEEEEEECCCCCCCCHHHHHHHHHCCCCCCEEEECCCCCHHHHHHHHCECCCCCCCCECCEEEEEEECCCCCCCEEEEEEECCCEEHHHHCCCCCCHHHHHHHHHHHHHHHHHHHHCCCECCCCCHHHEEEECCCCCCCEEEECCCCCCECECCCCCEEECCCCCCCCCCCCCCCCHHHHCCCCCCCCEEECCCHHHHHHHHHHHHHCCCCCCCCCCCCCCCCCCCHHHCCCCCCCCCHHHHHHHHHHCCCCCCCCCCHHHHHHHHHHHHHCCHHHHCCCCCCCHHHHHHHHHHHHHHCCCHHHHHHHHHHHHHCCHHHHHHHHHHHHCCC,2160
1H4L,QKYEKLEKIYGTVFKAKNRETHEIVALKRVRLDGVPSSALREICLLKELKHKNIVRLHDVLHSDKKLTLVFEFCDQDLKKYFDSCNGDLDPEIVKSFLFQLLKGLGFCHSRNVLHRDLKPQNLLINRNGELKLADFGLARAFGIPVRCYSAEVVTLWYRPPDVLFGAKLYSTSIDMWSAGCIFAELANAARPLFPGNDVDDQLKRIFRLLGTPTEEQWPSMTKLPDYKPYPMYPATTSLVNVVPKLNATGRDLLQNLLKCNPVQRISAEEALQHPYFSQKYEKLEKIYGTVFKAKNRETHEIVALKRVRLDGVPSSALREICLLKELKHKNIVRLHDVLHSDKKLTLVFEFCDQDLKKYFDSCNGDLDPEIVKSFLFQLLKGLGFCHSRNVLHRDLKPQNLLINRNGELKLADFGLARAFGIPVRCYSAEVVTLWYRPPDVLFGAKLYSTSIDMWSAGCIFAELANAARPLFPGNDVDDQLKRIFRLLGTPTEEQWPSMTKLPDYKPYPMYPATTSLVNVVPKLNATGRDLLQNLLKCNPVQRISAEEALQHPYFSSTSELLRCLGEFLCRRCYRLKHLSPTDPVLWLRSVDRSLLLQGWQDQGFITPANVVFLYMLCRDVISSEVGSDHELQAVLLTCLYLSYSYMGNEISYPLKPFLVESCKEAFWDRCLSVINLMSSKMLQINADPHYFTQVFSDLKNESSTSELLRCLGEFLCRRCYRLKHLSPTDPVLWLRSVDRSLLLQGWQDQGFITPANVVFLYMLCRDVISSEVGSDHELQAVLLTCLYLSYSYMGNEISYPLKPFLVESCKEAFWDRCLSVINLMSSKMLQINADPHYFTQVFSDLKNES,---EE-S------EEEE-SSS--EEEE--EE---HHHHHHHHHHHHTT--BTTB--EEEEEEETTEEEEEEE--SEEHHHHHHHS-S---HHHHHHHHHHHHHHHHHHHHTTEE-----GGGEEE-TTS-EEE--GGG-EE--S--S---S--S-GGG--HHHHTT-----THHHHHHHHHHHHHHTTTS--S---SSHHHHHHHHHHHH----TTTSGGGGGSTT------------GGGG--SS-HHHHHHHHHHS-SSGGGSPPHHHHHTSTT-----EEEEE----EEEEE-SSS--EEEEEEEE---HHHHHHHHHHHHHT---TTB--EEEEEE-SSEEEEEEEP-SEEHHHHHHHTTS---HHHHHHHHHHHHHHHHHHHHTTEE----SGGGEEE-TTS-EEE--GGG-EE--S--S---S--S-GGG--HHHHTT-----THHHHHHHHHHHHHHHTTS--S---SSHHHHHHHHHHHH-PPPTTTSTTSTTSTT------------GGGT--SS-HHHHHHHHHHS-SSGGGPPPHHHHHTSTT---HHHHHHHHHHHHHHH-TT-TT--THHHHHHHHHHHHHT-SSSS-SS----HHHHHHHHHHHHHHS-TT--SHHHHHHHHHHHHHHHHHHH-SSS---STTT--SS-HHHHHHHHHHHHHHHHHHHHHHHH-HHHHHHHHHHHHTT--HHHHHHHHHHHHHHH-TT-TT--THHHHHHHHHHHHHHHTTTS-SS-S--HHHHHHHHHHHHHHS-TT--SHHHHHHHHHHHHHHHHHHH-SSS---STTT---S-HHHHHHHHHHHHHHHHHHHHHHHH-HHHHHHHHHHHHHT-,CCCEECCCCCCCCEEEECCCCCCEEEECCEECCCHHHHHHHHHHHHCCCCECCECCEEEEEEECCEEEEEEECCCEEHHHHHHHCCCCCCHHHHHHHHHHHHHHHHHHHHCCEECCCCCHHHEEECCCCCEEECCHHHCEECCCCCCCCCCCCCCHHHCCHHHHCCCCCCCCHHHHHHHHHHHHHHCCCCCCCCCCCCHHHHHHHHHHHHCCCCCCCCHHHHHCCCCCCCCCCCCCCCHHHHCCCCCHHHHHHHHHHCCCCHHHCCCHHHHHCCCCCCCCCEEEEECCCCEEEEECCCCCCEEEEEEEECCCHHHHHHHHHHHHHCCCCCCECCEEEEEECCCEEEEEEECCCEEHHHHHHHCCCCCCHHHHHHHHHHHHHHHHHHHHCCEECCCCCHHHEEECCCCCEEECCHHHCEECCCCCCCCCCCCCCHHHCCHHHHCCCCCCCCHHHHHHHHHHHHHHHCCCCCCCCCCCHHHHHHHHHHHHCCCCCCCCCCCCCCCCCCCCCCCCCCCCHHHCCCCCCHHHHHHHHHHCCCCHHHCCCHHHHHCCCCCCCHHHHHHHHHHHHHHHCCCCCCCCCHHHHHHHHHHHHHCCCCCCCCCCCCCHHHHHHHHHHHHHHCCCCCCCHHHHHHHHHHHHHHHHHHHCCCCCCCCCCCCCCCCHHHHHHHHHHHHHHHHHHHHHHHHCHHHHHHHHHHHHCCCCHHHHHHHHHHHHHHHCCCCCCCCCHHHHHHHHHHHHHHHCCCCCCCCCCCHHHHHHHHHHHHHHCCCCCCCHHHHHHHHHHHHHHHHHHHCCCCCCCCCCCCCCCCHHHHHHHHHHHHHHHHHHHHHHHHCHHHHHHHHHHHHHCC,850
1A0B,KSEALLDIPMLEQYLELVGPKLITDGLAVFEKMMPGYVSVLESNLTAQDKKGIVEEGHKIKGAAGSVGLRHLQQLGQQIQSPDLPAWEDNVGEWIEEMKEEWRHDVEVLKAWVAKAT,-HHHHS-HHHHHHHHHHT-HHHHHHHHHHHHHHHHHHHHHHHHHHHTT-HHHHHHHHHHHHHHHHHTT-HHHHHHHHHHT-TTSTTHHHHHHHHHHHHHHHHHHHHHHHHHHHHHH-,CHHHHCCHHHHHHHHHHCCHHHHHHHHHHHHHHHHHHHHHHHHHHHCCCHHHHHHHHHHHHHHHHHCCCHHHHHHHHHHCCCCCCCHHHHHHHHHHHHHHHHHHHHHHHHHHHHHHC,117
1AGW,ELPEDPRWELPRDRLVLGKPLGQVVLAEAIGLPNRVTKVAVKMLKSDATEKDLSDLISEMEMMKMIGKHKNIINLLGACTQDGPLYVIVEYASKGNLREYLQARRPPEEQLSSKDLVSCAYQVARGMEYLASKKCIHRDLAARNVLVTEDNVMKIADFGLARDIHHIDYYKKTTNGRLPVKWMAPEALFDRIYTHQSDVWSFGVLLWEIFTLGGSPYPGVPVEELFKLLKEGHRMDKPSNCTNELYMMMRDCWHAVPSQRPTFKQLVEDLDRIVALTSSEYELPEDPRWELPRDRLVLGKPLGEGAFGQVVLAEAIGLPNRVTKVAVKMLKSDATEKDLSDLISEMEMMKMIGKHKNIINLLGACTQDGPLYVIVEYASKGNLREYLQARRQLSSKDLVSCAYQVARGMEYLASKKCIHRDLAARNVLVTEDNVMKIADFGLADYYKKGRLPVKWMAPEALFDRIYTHQSDVWSFGVLLWEIFTLGGSPYPGVPVEELFKLLKEGHRMDKPSNCTNELYMMMRDCWHAVPSQRPTFKQLVEDLDRIVAL,-PPP-TTTB--GGGEEEEEE---EEEEEEE-----EEEEEEE---TT--HHHHHHHHHHHHHHHHH---TTBPPEEEEE-SSSS-EEEE---TT-BHHHHHHTTS---PPPPHHHHHHHHHHHHHHHHHHHHTT---S--SGGGEEE-TT--EEE--TT----GGG--SS---TTS--GGGGS-HHHHHH----HHHHHHHHHHHHHHHTTTSPPSSTT--HHHHHHHHHTT--PPPPSS--HHHHHHHHHHT-SSGGGSPPHHHHHHHHHHHHHH----S-PPP-TTTB--GGGEEEEEEEEEETTEEEEEEEEE-----EEEEEEEEE-TT--HHHHHHHHHHHHHHHHH---TTBPPEEEEE-SSSS-EEEEE--TT-BHHHHHHTT----HHHHHHHHHHHHHHHHHHHHTT---S---GGGEEE-TT--EEE--TT---TT-----GGGG--HHHHHS----HHHHHHHHHHHHHHHHTTS--SSTT--HHHHHHHHHTT--PPPPSS--HHHHHHHHHHT-SSGGGSPPHHHHHHHHHHHHH-,CCCCCCCCECCHHHEEEEEECCCEEEEEEECCCCCEEEEEEECCCCCCCHHHHHHHHHHHHHHHHHCCCCCECCEEEEECCCCCCEEEECCCCCCEHHHHHHCCCCCCCCCCHHHHHHHHHHHHHHHHHHHHCCCCCCCCCHHHEEECCCCCEEECCCCCCCCHHHCCCCCCCCCCCCHHHHCCHHHHHHCCCCHHHHHHHHHHHHHHHCCCCCCCCCCCCHHHHHHHHHCCCCCCCCCCCCHHHHHHHHHHCCCCHHHCCCHHHHHHHHHHHHHHCCCCCCCCCCCCCECCHHHEEEEEEEEEECCEEEEEEEEECCCCCEEEEEEEEECCCCCHHHHHHHHHHHHHHHHHCCCCCECCEEEEECCCCCCEEEEECCCCCEHHHHHHCCCCCCHHHHHHHHHHHHHHHHHHHHCCCCCCCCCHHHEEECCCCCEEECCCCCCCCCCCCCCHHHHCCHHHHHCCCCCHHHHHHHHHHHHHHHHCCCCCCCCCCCHHHHHHHHHCCCCCCCCCCCCHHHHHHHHHHCCCCHHHCCCHHHHHHHHHHHHHC,549
1AQ1,MENFQKVEKIGEGTYGVVYKARNKLTGEVVALKKIVPSTAIREISLLKELNHPNIVKLLDVIHTENKLYLVFEFLHQDLKKFMDASALTGIPLPLIKSYLFQLLQGLAFCHSHRVLHRDLKPQNLLINTEGAIKLADFGLEVVTLWYRAPEILLGCKYYSTAVDIWSLGCIFAEMVTRRALFPGDSEIDQLFRIFRTLGTPDEVVWPGVTSMPDYKPSFPKWARQDFSKVVPPLDEDGRSLLSQMLHYDPNKRISAKAALAHPFFQDVTKPVPHLRL,-TTEEEEEEEEE-SSSEEEEEEETTT--EEEEEE---HHHHHHHHHHTT---TTB--EEEEEEETTEEEEEE---SEEHHHHHHHTTTT---HHHHHHHHHHHHHHHHHHHHTT-------GGGEEE-TTS-EEE-S----PPP-TT--HHHHTT-SS--THHHHHHHHHHHHHHHHSS-SS--SSHHHHHHHHHHHH----TTTSTTGGGSTT--TTS--PPPPPHHHHSTT--HHHHHHHHHHT-SSTTTSPPHHHHHTSGGGTT---PPP----,CCCEEEEEEEEECCCCEEEEEEECCCCCEEEEEECCCHHHHHHHHHHCCCCCCCECCEEEEEEECCEEEEEECCCCEEHHHHHHHCCCCCCCHHHHHHHHHHHHHHHHHHHHCCCCCCCCCHHHEEECCCCCEEECCCCCCCCCCCCCCHHHHCCCCCCCCHHHHHHHHHHHHHHHHCCCCCCCCCHHHHHHHHHHHHCCCCCCCCCCHHHCCCCCCCCCCCCCCCHHHHCCCCCHHHHHHHHHHCCCCCCCCCCHHHHHCCHHHCCCCCCCCCCCC,277
1AYL,MRVNNGLTPQELEAYGISDVHDIVYNPSYDLLYQEELDPSLTGYERGVLTNLGAVAVDTGIFTGRSPKDKYIVRDDTTRDTFWWADKGKGKNDNKPLSPETWQHLKGLVTRQLSGKRLFVVDAFCGANPDTRLSVRFITEVAWQAHFVKNMFIRPSDEELAGFKPDFIVMNGAKCTNPQWKEQGLNSENFVAFNLTERMQLIGGTWYGGEMKKGMFSMMNYLLPLKGIASMHCSANVGEKGDVAVFFGLSGTGKTTLSTDPKRRLIGDDEHGWDDDGVFNFEGGCYAKTIKLSKEAEPEIYNAIRRDALLENVTVREDGTIDFDDGSKTENTRVSYPIYHIDNIVKPVSKAGHATKVIFLTADAFGVLPPVSRLTADQTQYHFLSGFTAKLAPTPTFSACFGAAFLSLHPTQYAEVLVKRMQAAGAQAYLVNTGWNGTGKRISIKDTRAIIDAILNGSLDNAETFTLPMFNLAIPTELPGVDTKILDPRNTYASPEQWQEKAETLAKLFIDNFDKYTDTPAGAALVAAGPKL,--STT---HHHHHTTT------EEES--HHHHHHHHT-TT--GGG--EE-TTS-EEE--TT-SS--GGGEEEE-STTTTTTS--TTTSSS--S-EEE-HHHHHHHHHHHHHHHTTS-EEEEEEEESSSTTT-EEEEEEES-HHHHHHHHHHSBPPPHHHHHT---SEEEEEETT---TTTGGGT-SSS-EEEEETTTTEEEEES---THHHHHHHHHHHHHHTGGGT-EEE-EEEEE-TT--EEEEE--TTSSHHHHH--TTSEEEESS-EEE-SS-EEES-SEEEEE-TT--TTT-HHHHTT-STT-EEES-EE-TTS-EETT--SS-S--EEEEEGGGSSSB--SSSB-S-EEEEEEEE--TTS-S-SEEEPPHHHHHHHHHH-EEE-----EEE-GGG-GGG-SS-HHHHHHHHHHHHHHHT-EEEEEE-SB-TTSSBPPHHHHHHHHHHHHTTTGGGS-EEEETTTTEEEES--TTS-HHHHSGGGGSSSHHHHHHHHHHHHHHHHHHHGGGTTSHHHHHHGGGS---,CCCCCCCCHHHHHCCCCCCCCCEEECCCHHHHHHHHCCCCCCHHHCCEECCCCCEEECCCCCCCCCHHHEEEECCCCCCCCCCCCCCCCCCCCCEEECHHHHHHHHHHHHHHHCCCCEEEEEEEECCCCCCCEEEEEEECCHHHHHHHHHHCECCCHHHHHCCCCCEEEEEECCCCCCCCHHHCCCCCCEEEEECCCCEEEEECCCCCHHHHHHHHHHHHHHCHHHCCEEECEEEEECCCCCEEEEECCCCCCHHHHHCCCCCEEEECCCEEECCCCEEECCCEEEEECCCCCCCCCHHHHCCCCCCCEEECCEECCCCCEECCCCCCCCCCEEEEEHHHCCCECCCCCECCCEEEEEEEECCCCCCCCCEEECCHHHHHHHHHHCEEECCCCCEEECHHHCHHHCCCCHHHHHHHHHHHHHHHCCEEEEEECCECCCCCECCHHHHHHHHHHHHCCCHHHCCEEEECCCCEEEECCCCCCCHHHHCHHHHCCCHHHHHHHHHHHHHHHHHHHHHHCCCHHHHHHHHHCCCC,532
1E1V,MENFQKVEKIGEGTYGVVYKARNKLTGEVVALKKIVPSTAIREISLLKELNHPNIVKLLDVIHTENKLYLVFEFLHQDLKKFMDASALTGIPLPLIKSYLFQLLQGLAFCHSHRVLHRDLKPQNLLINTEGAIKLADFGLARAFGVPVRTYTHEVVTLWYRAPEILLGCKYYSTAVDIWSLGCIFAEMVTRRALFPGDSEIDQLFRIFRTLGTPDEVVWPGVTSMPDYKPSFPKWARQDFSKVVPPLDEDGRSLLSQMLHYDPNKRISAKAALAHPFFQDVTKPVPHLRL,-TTEEEEEEEEE-SSSEEEEEEETTT--EEEEEE---HHHHHHHHHHTT---TTB--EEEEEEETTEEEEEEE--SEEHHHHHHHTTTT---HHHHHHHHHHHHHHHHHHHHTT---S---GGGEEE-TTS-EEE-STTHHHHH---SB-TTSPBPP-TT--HHHHTT-SS--THHHHHHHHHHHHHHHHSS-S---SSHHHHHHHHHHHH----TTTSTTGGGSTT--TTS--PPBPPHHHHSTT--HHHHHHHHHHT-SSTTTSPPHHHHHTSGGGTT---PPP----,CCCEEEEEEEEECCCCEEEEEEECCCCCEEEEEECCCHHHHHHHHHHCCCCCCCECCEEEEEEECCEEEEEEECCCEEHHHHHHHCCCCCCCHHHHHHHHHHHHHHHHHHHHCCCCCCCCCHHHEEECCCCCEEECCCCHHHHHCCCCECCCCCECCCCCCCHHHHCCCCCCCCHHHHHHHHHHHHHHHHCCCCCCCCCHHHHHHHHHHHHCCCCCCCCCCHHHCCCCCCCCCCCCECCHHHHCCCCCHHHHHHHHHHCCCCCCCCCCHHHHHCCHHHCCCCCCCCCCCC,290
1E1X,MENFQKVEKIGEGTYGVVYKARNKLTGEVVALKKIVPSTAIREISLLKELNHPNIVKLLDVIHTENKLYLVFEFLHQDLKKFMDASALTGIPLPLIKSYLFQLLQGLAFCHSHRVLHRDLKPQNLLINTEGAIKLADFGLARAFGVPVRTYTHEVVTLWYRAPEILLGCKYYSTAVDIWSLGCIFAEMVTRRALFPGDSEIDQLFRIFRTLGTPDEVVWPGVTSMPDYKPSFPKWARQDFSKVVPPLDEDGRSLLSQMLHYDPNKRISAKAALAHPFFQDVTKPVPHLRL,-TTEEEEEEEEEETTEEEEEEEETTT--EEEEEE---HHHHHHHHHHTT---TTB--EEEEEEETTEEEEEEE--SEEHHHHHHHTTTT---HHHHHHHHHHHHHHHHHHHHTT---S---GGGEEE-TTS-EEE-STTHHHHH---SB-TT-PBPP-TT--HHHHTT-SS--THHHHHHHHHHHHHHHHSS-S---SSHHHHHHHHHHHH----TTTSTTGGGSTT--TTS---PPPPHHHHSTTS-HHHHHHHHHHT-SSTTTSPPHHHHHTSGGGGG----------,CCCEEEEEEEEEECCEEEEEEEECCCCCEEEEEECCCHHHHHHHHHHCCCCCCCECCEEEEEEECCEEEEEEECCCEEHHHHHHHCCCCCCCHHHHHHHHHHHHHHHHHHHHCCCCCCCCCHHHEEECCCCCEEECCCCHHHHHCCCCECCCCCECCCCCCCHHHHCCCCCCCCHHHHHHHHHHHHHHHHCCCCCCCCCHHHHHHHHHHHHCCCCCCCCCCHHHCCCCCCCCCCCCCCCHHHHCCCCCHHHHHHHHHHCCCCCCCCCCHHHHHCCHHHHHCCCCCCCCCC,290
1E2E,RRGALIVLEGVDRAGKSTQSRKLVEALCAAGHRAELLRFPERSTEIGKLLSSYLQKKSDVEDHSVHLLFSANRWEQVPLIKEKLSQGVTLVVDRYAFSGVAFTGAKENFSLDWCKQPDVGLPKPDLVLFLQLQLADAAKRGAFGHERYENGAFQERALRCFHQLMKDTTLNWKMVDASKSIEAVHEDIRVLSEDAIATATEKPLGELWK,-PPPEEEEE-STTSSHHHHHHHHHHHHHHTT--EEEEESS-TTSHHHHHHHHHHTTSS---HHHHHHHHHHHHHTTHHHHHHHHHTT-EEEEES-HHHHHHHHTTSTT--HHHHHGGGTTSB--SEEEEEE--TTTTTSSS---SSTT-SHHHHHHHHHHHHHHTT-SSS-EEEEETTS-HHHHHHHHHHHHHHHHHHHTTS---BTT-,CCCCEEEEECCCCCCHHHHHHHHHHHHHHCCCCEEEEECCCCCCHHHHHHHHHHCCCCCCCHHHHHHHHHHHHHCCHHHHHHHHHCCCEEEEECCHHHHHHHHCCCCCCCHHHHHHHHCCCECCCEEEEEECCCCCCCCCCCCCCCCCCCHHHHHHHHHHHHHHCCCCCCCEEEEECCCCHHHHHHHHHHHHHHHHHHHCCCCCCECCC,209
1E2L,MPTLLRVYIDGPHGMGKTTTTQLLDIVYVPEPMTYWRVLGASETIANIFTTQHRLDQGEISAGDAAVVMTSAQITMGMPYAVTDAVLAPHIGGEAGSPPPALTLIFDRHPIAALLCYPAARYLMGSMTPQAVLAFVALIPPTLPGTNIVLGALPEDRHIDRLAKRQRPGERLDLAMLAAIRRVYGLLANTVRYLQCGGSWREDWGQLSGPRPHIGDTLFTLFRAPELLAPNGDLYNVFAWALDVLAKRLRSMHVFILDYDQSPAGCRDALLQLTSGMVQTHVTTPGSIPTICDLARTFAREMGEMPTLLRVYIDGPHGMGKTTTTQLLVALGSRDDIVYVPEPMTYWRVLGASETIANIFTTQHRLDQGEISAGDAAVVMTSAQITMGMPYAVTDAVLAPHIGGEAGSPPALTLIFDRHPIAALLCYPAARYLMGSMTPQAVLAFVALIPPTLPGTNIVLGALPEDRHIDRLAKRLDLAMLAAIRRVYGLLANTVRYLQCGGSWREDWGQLSGPQSNAGPRPHIGDTLFTLFRAPELLAPNGDLYNVFAWALDVLAKRLRSMHVFILDYDQSPAGCRDALLQLTSGMVQTHVTTPGSIPTICDLARTFAREMGE,--EEEEEEE-SSTTSSHHHHHHH--EEEE---HHIIIIISSS-HHHHHHHHHHHHHTTSS-HHHHHHHHHHHHHHHHHHHHHHHHHHGGGEEEE------SEEEEEE--HHIIIIIHHHHHHHTTSS-HHHHHHHHHTPPP--TT-EEEEEE--HHHHHHHHHHT--TT----HHHHHHHHHHHHHHHHHHHHHHTT--HHHHGGGGG-----GGGSGGGGGG-GGGB-TTSPBPHHHHHHHHHHHHHHHT-EEEEEE-SS-HHHHHHHHHHHGGGS-EEEESSTTHHHHHHHHHHHHHHHH----EEEEEEE-SSSSSSHHHHHHHHHHHS-SSSEEEE---HHIIIIISSS-HHHHHHHHHHHHHHTSS-HHHHHHHHHHHHHHHHHHHHHHHHHHGGGEEEE-----SEEEEEES-HHIIIIIHHHHHHHTTSS-HHHHHHHHHH-----SS-EEEEEE--HHHHHHHH-----HHHHHHHHHHHHHHHHHHHHHHTT--HHHHGGG-----SSSSSPPPGGGSGGGGG--GGGB-TTSSBPHHHHHHHHHHHHHHHT-EEEEEE-SS-HHHHHHHHHHHHTT--EEEESSTTHHHHHHHHHHHHHHHH--,CCEEEEEEECCCCCCCHHHHHHHCCEEEECCCHHHHHHHCCCCHHHHHHHHHHHHHCCCCCHHHHHHHHHHHHHHHHHHHHHHHHHHHHHEEEECCCCCCCEEEEEECCHHHHHHHHHHHHHHCCCCCHHHHHHHHHCCCCCCCCCEEEEEECCHHHHHHHHHHCCCCCCCCCHHHHHHHHHHHHHHHHHHHHHHCCCCHHHHHHHHHCCCCCHHHCHHHHHHCHHHECCCCCECHHHHHHHHHHHHHHHCCEEEEEECCCCHHHHHHHHHHHHHHCCEEEECCCCHHHHHHHHHHHHHHHHCCCCEEEEEEECCCCCCCHHHHHHHHHHHCCCCCEEEECCCHHHHHHHCCCCHHHHHHHHHHHHHHCCCCHHHHHHHHHHHHHHHHHHHHHHHHHHHHHEEEECCCCCCEEEEEECCHHHHHHHHHHHHHHCCCCCHHHHHHHHHHCCCCCCCCEEEEEECCHHHHHHHHCCCCCHHHHHHHHHHHHHHHHHHHHHHCCCCHHHHHHHCCCCCCCCCCCCCHHHCHHHHHCCHHHECCCCCECHHHHHHHHHHHHHHHCCEEEEEECCCCHHHHHHHHHHHHCCCCEEEECCCCHHHHHHHHHHHHHHHHCC,614
1E2Q,RRGALIVLEGVDRAGKSTQSRKLVEALCAAGHRAELLRFPERSTEIGKLLSSYLQKKSDVEDHSVHLLFSANRWEQVPLIKEKLSQGVTLVVDRYAFSGVAFTGAKENFSLDWCKQPDVGLPKPDLVLFLQLQLADAAKRGAFGHERYENGAFQERALRCFHQLMKDTTLNWKMVDASKSIEAVHEDIRVLSEDAIATATEKPLGELWK,-PPPEEEEE-STTSSHHHHHHHHHHHHHHTT--EEEEESS-TTSHHHHHHHHHHTTSS---HHHHHHHHHHHHHTTHHHHHHHHHTT-EEEEES-HHHHHHHHHTSTT--HHHHHGGGTTSBPPSEEEEEE--HHHHHTSS---SSTT-SHHHHHHHHHHHHHHTT-TTS-EEEEETTS-HHHHHHHHHHHHHHHHHHGGGSPP-BTT-,CCCCEEEEECCCCCCHHHHHHHHHHHHHHCCCCEEEEECCCCCCHHHHHHHHHHCCCCCCCHHHHHHHHHHHHHCCHHHHHHHHHCCCEEEEECCHHHHHHHHHCCCCCCHHHHHHHHCCCECCCEEEEEECCHHHHHCCCCCCCCCCCCHHHHHHHHHHHHHHCCCCCCCEEEEECCCCHHHHHHHHHHHHHHHHHHHHHCCCCECCC,209
